playerID,G,AB,R,H,HR,RBI,SB,BB,SO,seasons,BA,OBP,HR_rate,K_rate,inducted
aaronha01,3298,12364,2174,3771,755,2297.0,240.0,1402,1383.0,23,0.30499838240051763,0.3757809094871422,0.06106438045939825,0.11185700420575866,1
abreubo01,2425,8480,1453,2470,288,1363.0,400.0,1476,1840.0,18,0.29127358490566035,0.3963439132181599,0.033962264150943396,0.2169811320754717,0
adamsba01,482,1019,79,216,3,75.0,1.0,53,194.0,19,0.21197252208047104,0.25093283582089554,0.002944062806673209,0.1903827281648675,0
adamsbo03,1281,4019,591,1082,37,303.0,67.0,414,447.0,14,0.2692211993033093,0.337468982630273,0.00920627021647176,0.11122169693953719,0
adamssp01,1424,5557,844,1588,9,394.0,154.0,453,223.0,13,0.2857657009177614,0.3396006655574043,0.0016195789094835343,0.040129566312758685,0
adcocjo01,1959,6606,823,1832,336,1122.0,20.0,594,1059.0,17,0.2773236451710566,0.33694444444444444,0.05086285195277021,0.1603088101725704,0
ageeto01,1129,3912,558,999,130,433.0,167.0,342,918.0,12,0.2553680981595092,0.3152327221438646,0.033231083844580775,0.23466257668711657,0
alexape01,703,1810,154,378,11,163.0,3.0,77,276.0,20,0.20883977900552486,0.24112347641759407,0.0060773480662983425,0.15248618784530388,1
allenbe01,1139,3404,357,815,73,352.0,13.0,370,424.0,12,0.23942420681551116,0.3139904610492846,0.02144535840188014,0.1245593419506463,0
allendi01,1749,6332,1099,1848,351,1119.0,133.0,894,1556.0,15,0.29185091598231205,0.3794630500968724,0.055432722678458626,0.24573594440934934,1
allenne02,1035,3988,677,1140,22,517.0,166.0,334,27.0,24,0.2858575727181545,0.34104581212401663,0.005516549648946841,0.006770310932798395,0
alleyge01,1195,3927,442,999,55,342.0,63.0,300,622.0,11,0.25439266615737205,0.30731014904187365,0.014005602240896359,0.15839062897886427,0
allisdo01,318,1407,236,382,2,139.0,5.0,24,44.0,10,0.27149964463397297,0.283717679944095,0.0014214641080312722,0.03127221037668799,0
alomaro01,2379,9073,1508,2724,210,1134.0,474.0,1032,1140.0,17,0.30023145596825745,0.37169717961405246,0.023145596825746722,0.1256475256254822,1
alomasa02,1377,4530,520,1236,112,588.0,25.0,212,499.0,20,0.2728476821192053,0.30535638970898354,0.024724061810154525,0.11015452538631347,0
aloufe01,2082,7339,985,2101,206,852.0,107.0,423,706.0,17,0.2862787845755553,0.32517392424632824,0.02806921923967843,0.09619839215151928,0
alouje01,1380,4345,448,1216,32,377.0,31.0,138,267.0,15,0.2798619102416571,0.3020298906981932,0.007364787111622554,0.06144994246260069,0
alouma01,1667,5789,780,1777,31,427.0,156.0,311,377.0,15,0.30696147866643636,0.3422950819672131,0.005354983589566419,0.06512351010537226,0
aloumo01,1942,7037,1109,2134,332,1287.0,106.0,737,894.0,17,0.30325422765382976,0.3693079495755081,0.04717919567997726,0.12704277390933635,0
anderbr01,1834,6499,1062,1661,210,761.0,315.0,960,1190.0,15,0.2555777811971072,0.3513875854672208,0.03231266348669026,0.1831050930912448,0
anderga01,2228,8640,1084,2529,287,1365.0,80.0,429,1224.0,17,0.29270833333333335,0.32616606020509425,0.03321759259259259,0.14166666666666666,0
ankieri01,653,1921,260,462,76,251.0,21.0,162,555.0,11,0.2404997397188964,0.299567930868939,0.03956272774596564,0.2889120249869859,0
ansonca01,2524,10281,1999,3435,97,2075.0,277.0,984,330.0,27,0.3341114677560549,0.3922769640479361,0.009434879875498492,0.03209804493726291,1
aparilu01,2601,10230,1335,2677,83,791.0,506.0,736,742.0,18,0.2616813294232649,0.3112347255152289,0.008113391984359727,0.07253176930596285,1
applilu01,2422,8856,1319,2749,45,1116.0,179.0,1302,528.0,20,0.31041102077687444,0.3987989761764127,0.00508130081300813,0.05962059620596206,1
archeji01,847,2646,246,660,16,296.0,36.0,124,283.0,12,0.2494331065759637,0.28303249097472927,0.006046863189720333,0.10695389266817838,0
ashburi01,2189,8365,1322,2574,29,586.0,234.0,1198,571.0,15,0.3077106993424985,0.39443689218864375,0.0034668260609683203,0.06826060968320383,1
aurilri01,1652,5721,745,1576,186,756.0,23.0,450,861.0,15,0.27547631532948785,0.3283098363312267,0.032511798636601995,0.15049816465652857,0
ausmubr01,1971,6279,718,1579,80,607.0,102.0,634,1034.0,18,0.25147316451664276,0.32012151019817736,0.012740882306099698,0.1646759038063386,0
austiji01,1580,5388,661,1328,13,390.0,244.0,592,658.0,18,0.24647364513734224,0.3210702341137124,0.002412769116555308,0.12212323682256868,0
averiea01,1668,6353,1224,2019,238,1164.0,70.0,774,518.0,13,0.3178026129387691,0.39188999579065525,0.037462616086888084,0.0815362820714623,1
avilabo01,1300,4620,725,1296,80,467.0,78.0,561,399.0,11,0.2805194805194805,0.3584250144759699,0.017316017316017316,0.08636363636363636,0
baergca01,1630,5439,731,1583,134,774.0,59.0,291,580.0,14,0.2910461481890053,0.32705061082024434,0.024636881779738922,0.10663724949439235,0
bagweje01,2150,7797,1517,2314,449,1529.0,202.0,1401,1558.0,15,0.2967808131332564,0.40389215046749294,0.0575862511222265,0.19982044376042069,1
bailebo01,1931,6082,772,1564,189,773.0,85.0,852,1126.0,17,0.25715225254850377,0.34842803576579173,0.03107530417625781,0.18513646826701743,0
bailobo01,955,2937,339,775,9,222.0,90.0,187,164.0,11,0.26387470207694924,0.3079385403329065,0.0030643513789581204,0.055839291794347976,0
baineha01,2830,9908,1299,2866,384,1628.0,34.0,1062,1441.0,22,0.28926120306822767,0.35806745670009116,0.03875656035526847,0.1454380298748486,1
bakerdu01,2039,7117,964,1981,242,1013.0,137.0,762,926.0,19,0.2783476183785303,0.3481406269831197,0.03400309119010819,0.13011100182661234,0
bakerfr01,1575,5984,887,1838,96,987.0,235.0,473,344.0,13,0.3071524064171123,0.3579061483661143,0.016042780748663103,0.05748663101604278,1
ballne01,502,1613,163,404,4,151.0,92.0,99,323.0,7,0.2504649721016739,0.29380841121495327,0.0024798512089274642,0.20024798512089276,0
bancrda01,1913,7182,1048,2004,32,591.0,145.0,827,487.0,16,0.27903091060985796,0.3534773379947559,0.004455583402951824,0.06780840991367307,1
bandosa01,2019,7060,982,1790,242,1039.0,75.0,1031,923.0,16,0.2535410764872521,0.3486590038314176,0.03427762039660057,0.13073654390934844,0
bankser01,2528,9421,1305,2583,512,1636.0,50.0,763,1236.0,19,0.27417471605986626,0.3285545954438335,0.054346672327778366,0.13119626366627746,1
barnero01,499,2391,698,860,6,346.0,103.0,116,65.0,9,0.3596821413634463,0.38930993218986837,0.002509410288582183,0.027185278126306986,0
barryja01,1223,4146,532,1009,10,429.0,153.0,396,342.0,11,0.24336710082006754,0.3093350946719507,0.00241196333815726,0.0824891461649783,0
bartedi01,2016,7629,1130,2165,79,710.0,109.0,748,627.0,18,0.2837855551186263,0.3477378536468903,0.01035522348931708,0.08218639402280771,0
bartobo01,393,1049,54,237,9,66.0,3.0,87,168.0,10,0.2259294566253575,0.2852112676056338,0.008579599618684462,0.1601525262154433,0
battijo01,480,1953,228,439,3,143.0,26.0,40,36.0,10,0.22478238607270865,0.2403411941796287,0.0015360983102918587,0.018433179723502304,0
bauerha01,1544,5145,833,1424,164,703.0,50.0,521,638.0,14,0.27677356656948493,0.3432756794917049,0.031875607385811466,0.1240038872691934,0
bautijo02,1798,6051,1022,1496,344,975.0,70.0,1032,1394.0,15,0.24723186250206577,0.3569109134547508,0.056850107420261115,0.23037514460419764,0
bayja01,1278,4505,737,1200,222,754.0,95.0,636,1216.0,11,0.2663706992230855,0.3571289632367244,0.04927857935627081,0.2699223085460599,0
baylodo01,2292,8198,1236,2135,338,1276.0,285.0,805,1069.0,19,0.2604293730178092,0.32655781406197937,0.04122956818736277,0.1303976579653574,0
beaumgi01,1463,5660,955,1759,39,617.0,254.0,425,314.0,12,0.3107773851590106,0.35891536565324567,0.006890459363957597,0.055477031802120144,0
beckegl01,1320,5208,685,1473,22,360.0,49.0,260,243.0,11,0.2828341013824885,0.31693489392831015,0.004224270353302612,0.04665898617511521,0
becklja01,2392,9551,1603,2938,87,1581.0,315.0,616,526.0,20,0.3076117684012145,0.3495623094324776,0.009108993822636373,0.05507276724950267,1
beckwjo02,587,2137,441,749,97,550.0,49.0,182,33.0,16,0.35049134300421153,0.40146614920224233,0.04539073467477773,0.01544220870379036,0
belanma01,2016,5784,676,1316,20,389.0,167.0,576,839.0,18,0.22752420470262794,0.29748427672955974,0.003457814661134163,0.14505532503457816,0
bellbu01,2405,8995,1151,2514,201,1106.0,55.0,836,776.0,18,0.2794886047804336,0.34075882412775915,0.022345747637576432,0.08627015008337965,0
bellco99,1237,4893,1188,1592,60,606.0,302.0,559,21.0,21,0.3253627631310035,0.39453411592076304,0.012262415695892091,0.004291845493562232,1
belleal01,1539,5853,974,1726,381,1239.0,88.0,683,961.0,12,0.29489150862805397,0.36857405140758875,0.06509482316760636,0.16418930463010423,0
bellge02,1587,6123,814,1702,265,1002.0,67.0,331,771.0,12,0.2779683161848767,0.3149984505732879,0.04327943818389678,0.1259186673199412,0
bellja01,2063,7398,1123,1963,195,860.0,91.0,853,1443.0,18,0.2653419843200865,0.3412919646103503,0.026358475263584754,0.19505271695052717,0
beltrad01,2933,11068,1524,3166,477,1707.0,121.0,848,1732.0,21,0.28604987350921574,0.3368580060422961,0.04309721720274666,0.15648717022045536,1
beltrca01,2586,9768,1582,2725,435,1587.0,312.0,1084,1795.0,20,0.27897215397215397,0.35099520825654257,0.044533169533169534,0.18376330876330876,0
benchjo01,2158,7658,1091,2048,389,1376.0,68.0,891,1278.0,17,0.2674327500652912,0.3437828985846298,0.05079655262470619,0.16688430399582135,1
bendech01,507,1147,102,243,6,116.0,20.0,75,160.0,16,0.2118570183086312,0.2602291325695581,0.0052310374891020054,0.13949433304272013,1
bennech01,1062,3821,549,978,55,533.0,42.0,478,572.0,15,0.255953938759487,0.3386834147476157,0.014394137660298352,0.14969903166710286,0
bergema01,344,1278,180,339,10,176.0,24.0,52,103.0,4,0.2652582159624413,0.293984962406015,0.00782472613458529,0.08059467918622848,0
bergewa01,1350,5163,809,1550,242,898.0,36.0,435,694.0,11,0.3002130544257215,0.35459092533047515,0.04687197365872555,0.13441797404609723,0
bergmo01,663,1813,150,441,6,206.0,11.0,78,117.0,15,0.24324324324324326,0.2744579587519831,0.003309431880860452,0.06453392167677882,0
berkmla01,1879,6491,1146,1905,366,1234.0,86.0,1201,1300.0,15,0.29348328454783545,0.40379615184607387,0.056385764905253426,0.20027730704051763,0
berrayo01,2120,7555,1175,2150,358,1430.0,30.0,704,414.0,19,0.28457974851091994,0.3455624167574767,0.04738583719391132,0.054798146922567834,1
berrych02,709,2018,196,539,23,256.0,13.0,160,196.0,11,0.26709613478691774,0.3209366391184573,0.011397423191278493,0.09712586719524281,0
berryke01,1383,4136,422,1053,58,343.0,45.0,298,569.0,14,0.2545938104448743,0.3046910239061795,0.01402321083172147,0.1375725338491296,0
bicheda01,1704,6381,934,1906,274,1141.0,152.0,355,1078.0,14,0.29869926343833253,0.33565914489311166,0.04293997805986523,0.16893903776837485,0
bigbeca01,1147,4192,629,1205,17,324.0,182.0,344,161.0,11,0.2874522900763359,0.34149029982363316,0.0040553435114503815,0.03840648854961832,0
biggicr01,2850,10876,1844,3060,291,1175.0,414.0,1160,1753.0,20,0.28135343876425156,0.35061482220006646,0.026756160353070983,0.16118058109599118,1
bishoma01,1338,4494,966,1216,41,379.0,43.0,1153,452.0,12,0.2705829995549622,0.4195147866123605,0.009123275478415665,0.10057854917668002,0
bladera01,767,2415,467,726,50,340.0,33.0,331,310.0,10,0.30062111801242236,0.38492352512745814,0.020703933747412008,0.12836438923395446,0
blairpa01,1947,6042,776,1513,134,620.0,171.0,449,877.0,17,0.2504137702747435,0.30226467416422736,0.022178086726249588,0.14515061238000662,0
blakeca01,1265,4500,644,1186,167,616.0,36.0,445,1037.0,13,0.26355555555555554,0.32982810920121336,0.03711111111111111,0.23044444444444445,0
bluegos01,1867,6440,883,1751,43,848.0,140.0,723,515.0,18,0.2718944099378882,0.3453860114477174,0.006677018633540373,0.07996894409937888,0
bluelu01,1615,5904,1151,1696,44,695.0,151.0,1092,436.0,13,0.2872628726287263,0.3985134362492853,0.007452574525745257,0.07384823848238482,0
boccajo01,551,1462,117,320,26,148.0,3.0,96,246.0,12,0.2188782489740082,0.26700898587933247,0.017783857729138167,0.16826265389876882,0
bodiepi01,1050,3670,393,1011,43,516.0,83.0,312,381.0,9,0.27547683923705724,0.332245102963335,0.011716621253405994,0.10381471389645777,0
boggswa01,2440,9180,1513,3010,118,1014.0,24.0,1412,745.0,18,0.32788671023965144,0.4174848942598187,0.012854030501089325,0.08115468409586056,1
boleyjo01,540,1780,203,478,7,227.0,15.0,130,84.0,6,0.26853932584269663,0.3183246073298429,0.003932584269662922,0.04719101123595506,0
bondsba01,2986,9847,2227,2935,762,1996.0,514.0,2558,1539.0,22,0.29806032294099727,0.44280532043530835,0.07738397481466436,0.15629125622016857,0
bondsbo01,1849,7043,1258,1886,332,1024.0,461.0,914,1757.0,14,0.2677836149368167,0.35189141636295085,0.04713900326565384,0.24946755643901747,0
bondto01,488,1975,213,471,0,174.0,5.0,22,63.0,10,0.23848101265822785,0.24687030545818728,0.0,0.03189873417721519,0
bonilbo01,2113,7213,1084,2010,287,1173.0,45.0,912,1204.0,16,0.27866352419243035,0.35963076923076925,0.039789269374740054,0.16692083737695826,0
booneaa01,1152,3871,519,1017,126,555.0,107.0,303,707.0,12,0.26272281064324465,0.3162434115955918,0.0325497287522604,0.18264014466546113,0
boonebo01,2264,7245,679,1838,105,826.0,38.0,663,608.0,19,0.2536922015182885,0.31626201315123925,0.014492753623188406,0.08391994478951001,0
boonebr01,1780,6683,927,1775,252,1021.0,94.0,552,1295.0,14,0.2655992817596888,0.3216309606081548,0.03770761633996708,0.19377525063594195,0
bottoji01,1991,7471,1177,2313,219,1422.0,58.0,664,591.0,16,0.3095971088207737,0.3659496004917025,0.02931334493374381,0.07910587605407576,1
boudrlo01,1646,6029,861,1779,68,789.0,51.0,796,309.0,15,0.29507380991872617,0.3772893772893773,0.011278819041300382,0.05125228064355614,1
bowala01,2247,8418,987,2191,15,525.0,318.0,474,569.0,16,0.26027559990496557,0.2997076023391813,0.001781895937277263,0.06759325255405084,0
boyercl02,1725,5780,645,1396,162,654.0,41.0,470,931.0,16,0.24152249134948098,0.29856,0.028027681660899653,0.1610726643598616,0
boyerke01,2034,7455,1104,2143,282,1141.0,105.0,713,1017.0,15,0.287458081824279,0.34965719882468166,0.037826961770623745,0.13641851106639838,0
bradlbi01,1461,5430,754,1471,34,552.0,181.0,290,531.0,14,0.270902394106814,0.30786713286713285,0.006261510128913444,0.09779005524861878,0
breitte01,448,1350,174,291,4,126.0,30.0,150,145.0,11,0.21555555555555556,0.294,0.002962962962962963,0.10740740740740741,0
bresnro01,1446,4481,682,1252,26,530.0,212.0,714,403.0,17,0.27940191921446106,0.37844080846968237,0.005802276277616604,0.08993528230305735,1
brettge01,2707,10349,1583,3154,317,1596.0,201.0,1096,908.0,21,0.3047637452893999,0.37134119702927043,0.030630978838535123,0.08773794569523626,1
bridgto01,424,1003,83,181,0,72.0,0.0,74,271.0,16,0.18045862412761715,0.23676880222841226,0.0,0.27018943170488535,0
briggjo02,1366,4117,601,1041,139,507.0,64.0,663,785.0,12,0.2528540199174156,0.35648535564853556,0.03376244838474617,0.19067282001457372,0
brocklo01,2616,10332,1610,3023,149,900.0,938.0,761,1730.0,19,0.29258614014711576,0.3411160191111512,0.014421215640727836,0.16744096012388696,1
brodist01,1438,5703,886,1728,25,900.0,289.0,420,233.0,12,0.30299842188321935,0.35080842724154826,0.00438365772400491,0.040855689987725756,0
brookhu01,1645,5974,656,1608,149,824.0,64.0,387,1005.0,15,0.26916638767994644,0.31362993240056597,0.024941412788751255,0.16822899229996652,0
brosisc01,1146,3889,544,1001,141,531.0,57.0,348,699.0,11,0.25739264592440214,0.3183856502242152,0.03625610696837233,0.17973772177937772,0
broutda01,1676,6726,1529,2303,107,1301.0,257.0,840,238.0,19,0.3424026167112697,0.415411049431668,0.01590841510556051,0.035385072851620576,1
brownga01,1051,2262,330,582,84,322.0,30.0,242,275.0,13,0.2572944297082228,0.329073482428115,0.03713527851458886,0.12157382847038019,0
brownla01,1129,3449,331,803,47,254.0,22.0,317,414.0,12,0.23282110756741084,0.29739776951672864,0.0136271383009568,0.12003479269353436,0
brownmo01,493,1143,93,235,2,74.0,8.0,44,199.0,14,0.20559930008748906,0.2350463352990733,0.0017497812773403325,0.17410323709536307,1
brownpe01,1183,4820,954,1646,46,659.0,258.0,466,245.0,13,0.34149377593360997,0.3995459704880817,0.009543568464730291,0.0508298755186722,0
brownra99,465,1360,212,366,33,224.0,10.0,132,20.0,15,0.2691176470588235,0.33378016085790885,0.02426470588235294,0.014705882352941176,1
brownwi02,473,1818,368,643,63,432.0,95.0,137,16.0,13,0.3536853685368537,0.3989769820971867,0.034653465346534656,0.0088008800880088,1
brutobi01,1610,6056,937,1651,94,545.0,207.0,482,793.0,12,0.27262219286657857,0.3262465585806057,0.015521796565389696,0.13094451783355351,0
bucknbi01,2517,9397,1077,2715,174,1208.0,183.0,450,453.0,22,0.288921996381824,0.32141769066720827,0.01851654783441524,0.04820687453442588,0
buffich01,586,2214,245,543,7,255.0,14.0,91,114.0,11,0.24525745257452575,0.27505422993492407,0.0031616982836495033,0.051490514905149054,0
buhneja01,1472,5013,797,1273,310,965.0,6.0,792,1406.0,15,0.25393975663275486,0.35572782084409993,0.0618392180331139,0.28047077598244563,0
bumbral01,1496,5053,778,1422,54,402.0,254.0,471,709.0,14,0.28141698001187415,0.3426864590876177,0.010686720759944587,0.14031268553334653,0
bunniji01,601,1275,82,213,7,75.0,0.0,34,362.0,17,0.16705882352941176,0.18869365928189458,0.005490196078431373,0.283921568627451,1
burdele01,666,1011,101,185,12,75.0,2.0,32,271.0,18,0.18298714144411474,0.2080536912751678,0.011869436201780416,0.26805143422354105,0
burgesm01,1691,4471,485,1318,126,673.0,13.0,477,270.0,18,0.29478863788861553,0.3627728375101051,0.0281816148512637,0.060389174681279356,0
burkeje01,2067,8426,1720,2850,75,952.0,389.0,1029,613.0,16,0.33823878471398056,0.4102591221575886,0.00890102065036791,0.07275100878234038,1
burksel01,2000,7232,1253,2107,352,1206.0,181.0,793,1340.0,18,0.2913440265486726,0.3613707165109034,0.048672566371681415,0.18528761061946902,0
burleri01,1346,5139,656,1401,50,449.0,72.0,420,477.0,13,0.2726211325160537,0.32757690232056125,0.00972951936174353,0.09281961471103327,0
burnije01,1694,5710,917,1447,315,981.0,74.0,739,1376.0,14,0.25341506129597197,0.3389672817491084,0.05516637478108581,0.24098073555166374,0
burnsge01,1853,7241,1188,2077,41,611.0,383.0,872,565.0,15,0.286838834415136,0.3634906939479847,0.0056622013534042255,0.07802789669935092,0
burnsge02,1866,6573,901,2018,72,951.0,154.0,363,433.0,16,0.3070135402403773,0.3432814302191465,0.010953902327704245,0.06587555149855469,0
burrepa01,1640,5503,767,1393,292,976.0,7.0,932,1564.0,12,0.25313465382518624,0.3613053613053613,0.053061966200254405,0.2842086134835544,0
burroje01,1689,5536,720,1443,240,882.0,16.0,831,1135.0,16,0.26065751445086704,0.3571540757028428,0.04335260115606936,0.20502167630057805,0
bushdo01,1946,7210,1281,1804,9,436.0,404.0,1158,630.0,16,0.25020804438280164,0.3539674952198853,0.0012482662968099861,0.08737864077669903,0
bushjo01,581,1239,128,313,7,137.0,4.0,53,194.0,17,0.25262308313155774,0.28328173374613,0.005649717514124294,0.1565778853914447,0
butlebr01,2213,8180,1359,2375,54,578.0,558.0,1129,907.0,17,0.29034229828850855,0.3764099258781824,0.006601466992665036,0.110880195599022,0
cabreor01,1985,7562,985,2055,123,854.0,216.0,514,745.0,15,0.27175350436392487,0.3181030212976721,0.016265538217402804,0.09851891034117959,0
callijo01,1886,6652,926,1757,226,840.0,74.0,650,1064.0,16,0.2641310883944678,0.32963571624212545,0.03397474443776308,0.15995189416716776,0
camermi01,1955,6839,1064,1700,278,968.0,297.0,867,1901.0,17,0.24857435297558123,0.33311705164806643,0.04064921772188917,0.27796461470975287,0
camildo01,1490,5353,936,1482,239,950.0,60.0,947,961.0,12,0.2768541005043901,0.38555555555555554,0.044647861012516346,0.1795254997197833,0
caminke01,1760,6288,894,1710,239,983.0,88.0,727,1163.0,15,0.2719465648854962,0.3473984319315752,0.038008905852417306,0.1849554707379135,0
campabe01,2328,8684,1181,2249,79,646.0,649.0,618,1142.0,19,0.25898203592814373,0.30821328746506127,0.009097190234914785,0.13150621833256565,0
camparo01,1455,5050,787,1427,260,1015.0,39.0,608,514.0,18,0.28257425742574255,0.35966772711205375,0.05148514851485148,0.10178217821782178,1
cannich01,740,1950,132,458,18,169.0,3.0,241,354.0,13,0.23487179487179488,0.31903240529438615,0.009230769230769232,0.18153846153846154,0
cansejo01,1887,7057,1186,1877,462,1407.0,200.0,906,1942.0,17,0.265977044069718,0.3494913977144292,0.06546691228567379,0.27518775683718294,0
cardejo02,2017,6964,936,1913,138,775.0,329.0,608,807.0,18,0.2746984491671453,0.33293713681986264,0.019816197587593336,0.11588167719701321,0
cardele01,1941,6707,662,1725,118,689.0,39.0,522,1135.0,16,0.25719397644252273,0.3108313736339743,0.017593558968242134,0.16922618160131206,0
carewro01,2469,9315,1424,3053,92,1015.0,353.0,1018,1028.0,19,0.32775093934514227,0.39398045098228973,0.009876543209876543,0.11035963499731616,1
careyma01,2476,9363,1545,2665,70,800.0,738.0,1040,695.0,20,0.28463099433942113,0.3561472652119581,0.00747623624906547,0.07422834561572146,1
carltst01,745,1719,123,346,13,140.0,2.0,41,413.0,24,0.20127981384525886,0.21988636363636363,0.0075625363583478765,0.24025596276905178,1
carrach01,1325,4644,568,1199,55,474.0,31.0,491,467.0,10,0.258182601205857,0.3291139240506329,0.011843238587424634,0.10055986218776916,0
carribi02,709,1970,194,506,6,235.0,37.0,206,187.0,10,0.2568527918781726,0.3272058823529412,0.003045685279187817,0.09492385786802031,0
cartega01,2296,7971,1025,2092,324,1225.0,39.0,848,997.0,19,0.2624513862752478,0.3333711305136637,0.04064734663153933,0.12507840923347133,1
cartejo01,2189,8422,1170,2184,396,1445.0,231.0,527,1387.0,16,0.2593208264070292,0.3029388758520505,0.047019710282593205,0.164687722631204,0
cartyri01,1651,5606,712,1677,204,890.0,21.0,642,663.0,15,0.2991437745272922,0.37115877080665816,0.036389582590082056,0.11826614341776667,0
carutbo01,705,2465,508,695,29,359.0,152.0,417,140.0,10,0.281947261663286,0.38584316446911865,0.011764705882352941,0.056795131845841784,0
casanpa01,859,2786,214,627,50,252.0,2.0,101,430.0,10,0.2250538406317301,0.2521648770349844,0.017946877243359655,0.15434314429289303,0
casege01,1226,5016,785,1415,21,377.0,349.0,426,297.0,11,0.28209728867623607,0.33829474457919884,0.004186602870813397,0.05921052631578947,0
caseyse01,1405,5066,690,1531,130,735.0,18.0,477,577.0,12,0.30221081721279114,0.36225870467256,0.025661271219897353,0.11389656533754441,0
cashda01,1422,5554,732,1571,21,426.0,120.0,424,309.0,12,0.2828592005761613,0.3337236533957845,0.003781058696435002,0.05563557796182931,0
cashno01,2089,6705,1046,1820,377,1103.0,43.0,1043,1091.0,17,0.2714392244593587,0.36951471347444503,0.05622669649515287,0.16271439224459358,0
castilu01,1720,6510,1001,1889,28,443.0,370.0,800,850.0,15,0.2901689708141321,0.36785225718194253,0.004301075268817204,0.130568356374808,0
castivi02,1854,6822,902,1884,320,1105.0,33.0,423,1069.0,16,0.27616534740545295,0.3184265010351967,0.046907065376722366,0.15669891527411317,0
cavarph01,2030,6754,990,1977,95,920.0,65.0,820,598.0,22,0.292715427894581,0.3692896752046475,0.014065738821439147,0.08854012437074327,0
cedence01,2006,7310,1084,2087,199,976.0,550.0,664,938.0,17,0.28549931600547196,0.34499623777276145,0.02722298221614227,0.12831737346101232,0
cepedor01,2124,7927,1131,2351,379,1365.0,142.0,588,1169.0,17,0.2965813044026744,0.3451556077510276,0.047811277910937304,0.14747066986249527,1
ceyro01,2073,7162,977,1868,316,1139.0,24.0,1012,1235.0,17,0.2608209997207484,0.3523366772693908,0.044121753700083775,0.17243786651773246,0
chambch01,2175,7571,912,2109,185,972.0,40.0,632,926.0,17,0.2785629375247656,0.3341460441301963,0.02443534539690926,0.1223088099326377,0
chancfr01,1288,4299,798,1274,20,596.0,403.0,556,320.0,17,0.2963479879041638,0.3769309989701339,0.0046522447080716445,0.07443591532914631,1
chapmbe01,1717,6478,1144,1958,90,977.0,287.0,824,556.0,15,0.3022537820314912,0.38099150917556834,0.01389317690645261,0.08582895955541833,0
chapmra01,1051,3785,671,1053,17,364.0,233.0,452,427.0,9,0.27820343461030383,0.355204153882464,0.004491413474240423,0.11281373844121532,0
chapmsa01,1368,4988,754,1329,180,773.0,41.0,562,682.0,11,0.266439454691259,0.34072072072072074,0.03608660785886127,0.1367281475541299,0
charlos99,1336,4903,1164,1718,183,1139.0,311.0,647,29.0,27,0.3503977156842749,0.4261261261261261,0.03732408729349378,0.005914746073832348,1
chaseha01,1919,7417,980,2158,57,941.0,363.0,276,660.0,15,0.2909532155858164,0.3163915247627713,0.007685047863017392,0.08898476472967506,0
chaveer01,1615,5518,816,1477,260,902.0,50.0,639,1079.0,17,0.26766944545125043,0.3436738671430892,0.04711852120333454,0.19554186299383836,0
chesbja01,393,1103,85,217,5,82.0,5.0,25,269.0,11,0.19673617407071622,0.21453900709219859,0.004533091568449683,0.24388032638259294,1
cirilje01,1617,5396,800,1598,112,727.0,63.0,563,694.0,14,0.29614529280948854,0.3626447390501762,0.020756115641215715,0.1286137879911045,0
cissebi01,956,3707,516,990,29,423.0,113.0,212,250.0,9,0.26706231454005935,0.306710895636642,0.007823037496628,0.0674399784192069,0
clarkfr01,2246,8584,1622,2678,67,1015.0,509.0,875,511.0,21,0.3119757688723206,0.37562110159636325,0.007805219012115564,0.05952935694315005,1
clarkho01,1272,4813,548,1230,27,304.0,151.0,365,362.0,10,0.25555786411801373,0.3080339899575126,0.005609806773322252,0.07521296488676502,0
clarkja01,1994,6847,1118,1826,340,1180.0,77.0,1262,1441.0,18,0.2666861399152914,0.38081144407448514,0.04965678399298963,0.2104571345114649,0
clarkjo01,546,1974,254,432,24,232.0,31.0,81,382.0,12,0.2188449848024316,0.24963503649635035,0.0121580547112462,0.19351570415400202,1
clarkto02,1559,4532,629,1188,251,824.0,6.0,527,1209.0,15,0.2621359223300971,0.3389998023324768,0.05538393645189762,0.26676963812886145,0
clarkwi02,1976,7173,1186,2176,284,1205.0,67.0,937,1190.0,15,0.30335982155304614,0.3838471023427867,0.03959291788651889,0.16589990241182212,0
claytro01,2108,7379,935,1904,110,723.0,231.0,565,1415.0,17,0.25802954329854993,0.31080060422960726,0.014907168993088494,0.19176040113836562,0
clemero01,2433,9454,1416,3000,240,1305.0,83.0,621,1230.0,18,0.31732599957689867,0.3594044665012407,0.025386079966151893,0.13010365982652847,1
cobbty01,3035,11436,2247,4189,117,1944.0,896.0,1249,680.0,24,0.3662994053864988,0.4286953094205755,0.010230849947534103,0.059461350122420424,1
cochrmi01,1482,5169,1041,1652,119,832.0,64.0,857,217.0,13,0.3195976010833817,0.41636242947228674,0.02302186109498936,0.04198104082027471,1
colavro01,1841,6503,971,1730,374,1159.0,19.0,951,880.0,14,0.26603106258649856,0.35967265897504697,0.05751191757650315,0.13532215900353683,0
colemvi01,1371,5406,849,1425,28,346.0,752.0,477,960.0,13,0.26359600443951164,0.3233044365119837,0.005179430262671106,0.17758046614872364,0
collied01,2826,9949,1821,3315,47,1300.0,741.0,1499,467.0,25,0.3331993165142225,0.42051013277428373,0.0047240928736556435,0.04693939089355714,1
colliji01,1725,6795,1055,1999,65,983.0,194.0,426,266.0,14,0.294186902133922,0.33582606287217837,0.009565857247976454,0.03914643119941133,1
collish01,1799,6390,747,1687,22,709.0,225.0,331,575.0,16,0.2640062597809077,0.30025293855081087,0.0034428794992175274,0.08998435054773082,0
combsea01,1455,5746,1186,1866,58,632.0,96.0,670,278.0,12,0.3247476505395057,0.39526184538653364,0.010093978419770276,0.04838148277062304,1
comisch01,1390,5796,992,1529,28,883.0,416.0,197,132.0,13,0.2638026224982747,0.28800266978141165,0.004830917874396135,0.022774327122153208,0
conceda01,2488,8723,993,2326,101,950.0,321.0,736,1186.0,19,0.2666513814054798,0.32371286605349403,0.011578585349077153,0.13596239825748022,0
coninje01,2024,6957,870,1982,214,1071.0,54.0,671,1168.0,17,0.28489291361218916,0.3477975878342947,0.030760385223515884,0.1678884576685353,0
connoro01,1998,7797,1620,2467,138,1323.0,244.0,1002,455.0,18,0.3164037450301398,0.3942493465166496,0.017699115044247787,0.05835577786328075,1
conrowi01,1374,5061,605,1257,22,452.0,262.0,345,481.0,11,0.24836988737403676,0.29633740288568255,0.0043469670025686625,0.09504050582888757,0
coombja01,460,1110,123,261,4,100.0,21.0,59,191.0,14,0.23513513513513515,0.2737382378100941,0.0036036036036036037,0.17207207207207206,0
coopece01,1896,7349,1012,2192,241,1125.0,89.0,448,911.0,17,0.29827187372431624,0.3385917660638707,0.0327935773574636,0.12396244386991427,0
coopewa01,1473,4702,573,1341,173,812.0,18.0,309,357.0,18,0.2851977881752446,0.3292755936938735,0.03679285410463633,0.07592513823904722,0
coopewi01,521,1227,111,293,6,106.0,12.0,47,140.0,15,0.23879380603096984,0.2668759811616955,0.004889975550122249,0.11409942950285248,0
corcola01,326,1289,192,287,2,111.0,5.0,52,187.0,8,0.22265321955003878,0.25279642058165547,0.0015515903801396431,0.14507370054305663,0
corcoto01,2205,8824,1189,2259,34,1137.0,388.0,384,447.0,18,0.25600634632819586,0.28703301476976545,0.0038531278331822303,0.050657298277425204,0
courtcl01,946,2796,260,750,38,313.0,3.0,264,143.0,11,0.26824034334763946,0.33137254901960783,0.013590844062947067,0.05114449213161659,0
covelst01,451,1058,70,168,1,81.0,0.0,53,309.0,14,0.15879017013232513,0.19891989198919893,0.000945179584120983,0.29206049149338376,1
coxbi02,1058,3712,470,974,66,351.0,42.0,298,218.0,11,0.26239224137931033,0.3172069825436409,0.017780172413793104,0.05872844827586207,0
cramedo01,2239,9140,1357,2705,37,842.0,62.0,572,345.0,20,0.2959518599562363,0.3374176276771005,0.004048140043763676,0.03774617067833698,0
crandde01,1573,5026,585,1276,179,657.0,26.0,424,477.0,16,0.25387982491046557,0.3119266055045872,0.03561480302427378,0.09490648627138878,0
cravaga01,1220,3951,575,1134,119,719.0,89.0,561,578.0,11,0.2870159453302961,0.37566489361702127,0.03011895722601873,0.1462920779549481,0
crawfca02,1716,6655,998,1931,136,766.0,480.0,377,1067.0,15,0.2901577761081893,0.3282138794084187,0.020435762584522916,0.16033057851239668,0
crawfsa01,2517,9570,1391,2961,97,1519.0,366.0,760,580.0,19,0.3094043887147335,0.36021297192642787,0.010135841170323928,0.06060606060606061,1
crigelo01,1012,3202,337,709,11,342.0,58.0,309,225.0,16,0.22142410993129294,0.2899458843634292,0.003435352904434728,0.0702685821361649,0
critzhu01,1478,5930,832,1591,38,531.0,97.0,289,257.0,12,0.26829679595278244,0.30229940504904323,0.0064080944350758855,0.0433389544688027,0
cronijo01,2124,7579,1233,2285,170,1424.0,87.0,1059,700.0,20,0.30149096186832036,0.38712664968742766,0.022430399788890356,0.09236046971896028,1
crosefr01,1683,6277,1006,1541,98,649.0,113.0,792,799.0,17,0.245499442408794,0.3300325364266516,0.015612553767723435,0.127290106738888,0
crossla01,2277,9084,1338,2651,47,1378.0,303.0,466,217.0,21,0.29183179216204314,0.3263874345549738,0.005173932188463232,0.02388815499779833,0
crowlte01,865,1518,174,379,42,229.0,3.0,222,181.0,15,0.24967061923583664,0.3454022988505747,0.02766798418972332,0.11923583662714098,0
cruiswa01,736,2321,293,644,30,272.0,49.0,238,250.0,10,0.2774666092201637,0.34466588511137164,0.012925463162429988,0.1077121930202499,0
cruzjo01,2353,7917,1036,2251,165,1077.0,317.0,898,1031.0,19,0.2843248705317671,0.3572319909245604,0.020841227737779463,0.13022609574333713,0
cuccito01,1704,6184,730,1729,94,884.0,42.0,579,497.0,15,0.27959249676584735,0.34126866775099807,0.01520051746442432,0.08036869340232859,0
cuddymi01,1536,5488,809,1522,197,794.0,75.0,527,1101.0,15,0.27733236151603496,0.34064837905236905,0.035896501457725945,0.2006195335276968,0
cummica01,247,1068,149,227,0,107.0,3.0,16,51.0,6,0.21254681647940074,0.22416974169741696,0.0,0.047752808988764044,0
cuyleki01,1879,7161,1305,2299,128,1065.0,328.0,676,752.0,18,0.3210445468509985,0.3796095444685466,0.01787459851975981,0.10501326630358888,1
dahlebi01,2444,9036,1590,2461,84,1234.0,548.0,1064,759.0,21,0.2723550243470562,0.349009900990099,0.009296148738379814,0.08399734395750331,0
damonjo01,2490,9736,1668,2769,235,1139.0,408.0,1003,1257.0,18,0.28440838126540674,0.3512431325076823,0.024137222678718158,0.12910846343467544,0
danniha01,890,2971,363,847,57,397.0,13.0,187,217.0,10,0.2850891955570515,0.32742241925269155,0.019185459441265568,0.07303938067990576,0
darkal01,1828,7219,1064,2089,126,757.0,59.0,430,534.0,14,0.2893752597312647,0.3293240946528958,0.017453940989056657,0.07397146419171631,0
daubeja01,2014,7673,1117,2326,56,722.0,251.0,623,489.0,15,0.3031408836178809,0.3554725168756027,0.007298318780138147,0.06372996220513488,0
dauerri01,1140,3829,448,984,43,372.0,6.0,297,219.0,10,0.25698615826586574,0.31047018904508,0.011230086184382345,0.05719509010185427,0
daultda01,1161,3630,511,891,137,588.0,50.0,629,726.0,14,0.24545454545454545,0.35689128903498474,0.03774104683195592,0.2,0
davalvi01,1458,4017,510,1122,36,329.0,125.0,212,422.0,16,0.2793129200896191,0.3154410026010877,0.008961911874533234,0.10505352252925068,0
davisch01,2436,8673,1240,2380,350,1372.0,142.0,1194,1698.0,19,0.2744148506860371,0.36221749265227526,0.04035512510088781,0.19578000691802144,0
daviser01,1626,5321,938,1430,282,934.0,349.0,740,1398.0,17,0.26874647622627323,0.3580267282626629,0.05299755685021613,0.26273256906596504,0
davisge01,2372,9045,1545,2665,73,1440.0,619.0,874,613.0,20,0.29463792150359314,0.35678999899183383,0.008070757324488668,0.0677722498618021,1
davisha01,1755,6653,1001,1841,75,951.0,285.0,525,644.0,22,0.27671727040432886,0.3296182780718863,0.01127310987524425,0.09679843679543064,0
davissp01,1458,4255,388,1312,77,647.0,6.0,386,326.0,16,0.30834312573443007,0.3658694246929541,0.01809635722679201,0.07661574618096358,0
davisto02,1999,7223,811,2121,153,1052.0,136.0,381,754.0,18,0.2936452997369514,0.3290373487638085,0.021182334210161982,0.10438875813373945,0
daviswi02,2429,9174,1217,2561,182,1053.0,398.0,418,977.0,18,0.27915849138870724,0.31057130942452044,0.019838674514933506,0.1064966208851101,0
dawsoan01,2627,9927,1373,2774,438,1591.0,314.0,589,1509.0,21,0.279439911352876,0.3197984024343857,0.04412209126624358,0.15200967059534604,1
decindo01,1649,5809,778,1505,237,879.0,58.0,618,904.0,15,0.2590807367877432,0.3303251906021472,0.04079876054398347,0.15562058874160786,0
delahed01,1837,7510,1600,2597,101,1466.0,456.0,742,439.0,16,0.34580559254327564,0.40462918080465343,0.013448735019973368,0.05845539280958722,1
delgaca01,2035,7283,1241,2038,473,1512.0,14.0,1109,1745.0,17,0.2798297404915557,0.375,0.06494576410819718,0.23959906631882466,0
demosbi01,813,2897,538,685,4,275.0,167.0,339,17.0,20,0.23645150155333103,0.3164400494437577,0.001380738695201933,0.005868139454608215,0
dempsri01,1766,4692,525,1093,96,471.0,20.0,592,736.0,24,0.23294970161977835,0.31888720666161996,0.020460358056265986,0.1568627450980392,0
dennyje01,1237,4946,714,1286,74,667.0,130.0,173,602.0,13,0.2600080873433077,0.2850166048056261,0.014961585119288313,0.12171451678123736,0
dentbu01,1392,4512,451,1114,40,423.0,17.0,328,349.0,12,0.24689716312056736,0.29793388429752066,0.008865248226950355,0.07734929078014184,0
derripa01,579,1260,70,220,2,102.0,0.0,16,219.0,15,0.1746031746031746,0.18495297805642633,0.0015873015873015873,0.1738095238095238,0
dickebi01,1789,6300,930,1969,202,1209.0,37.0,678,289.0,17,0.31253968253968256,0.37933505302378906,0.032063492063492065,0.04587301587301587,1
dihigma99,471,1666,344,518,79,361.0,49.0,220,22.0,12,0.31092436974789917,0.391304347826087,0.047418967587034816,0.013205282112845138,1
dimagdo01,1399,5640,1046,1680,87,618.0,100.0,750,571.0,11,0.2978723404255319,0.38028169014084506,0.015425531914893617,0.10124113475177304,0
dimagjo01,1736,6821,1390,2214,361,1537.0,30.0,790,369.0,13,0.32458583785368716,0.39469189331231114,0.052924791086350974,0.05409763964228119,1
dinnebi01,417,1143,99,219,1,60.0,29.0,80,221.0,12,0.19160104986876642,0.24448078495502862,0.0008748906386701663,0.19335083114610674,0
disarga01,1086,3744,444,966,28,355.0,47.0,154,306.0,12,0.25801282051282054,0.28732683427398664,0.007478632478632479,0.08173076923076923,0
dixonra01,585,2111,503,695,75,456.0,107.0,272,13.0,14,0.3292278540975841,0.40579101972303816,0.035528185693983895,0.006158218853623875,0
dobyla01,1674,5883,1080,1697,273,1093.0,64.0,945,1012.0,17,0.28845826959034504,0.3869361452841242,0.046404895461499236,0.17202107768145505,1
doerrbo01,1865,7093,1094,2042,223,1247.0,54.0,809,608.0,14,0.28788946849006064,0.36079473550999747,0.03143944734245031,0.08571831383053714,1
donaljo01,405,1225,96,292,4,86.0,19.0,132,133.0,6,0.2383673469387755,0.3124539425202653,0.0032653061224489797,0.10857142857142857,0
donaljo03,274,1012,149,287,6,140.0,31.0,71,3.0,8,0.283596837944664,0.33056325023084027,0.005928853754940711,0.0029644268774703555,0
donlimi01,1049,3854,669,1282,51,543.0,213.0,312,311.0,12,0.3326414115204982,0.38262121939510324,0.013233004670472236,0.08069538142189933,0
donovbi01,459,1302,142,251,7,95.0,36.0,77,342.0,18,0.19278033794162827,0.2378535170413343,0.005376344086021506,0.2626728110599078,0
donovpa01,1824,7505,1321,2256,16,738.0,518.0,457,334.0,17,0.300599600266489,0.3407435317759357,0.0021319120586275817,0.04450366422385077,0
dooinre01,1290,4004,333,961,10,344.0,133.0,155,328.0,15,0.24000999000999002,0.26833373407069006,0.0024975024975024975,0.08191808191808192,0
doughpa01,1233,4558,678,1294,17,413.0,261.0,378,460.0,10,0.2838964458095656,0.3387358184764992,0.0037297060114085123,0.10092145677928917,0
downibr01,2344,7853,1188,2099,275,1073.0,50.0,1197,1127.0,20,0.2672863873678849,0.3641988950276243,0.035018464281166437,0.14351203361772571,0
doyleja01,1569,6055,977,1811,25,971.0,518.0,440,281.0,17,0.2990916597853014,0.3465742879137798,0.004128819157720892,0.046407927332782824,0
doylela01,1766,6509,960,1887,74,793.0,298.0,625,378.0,14,0.28990628360731296,0.35211662461452203,0.01136887386695345,0.05807343677984329,0
drewjd01,1566,5173,944,1437,242,795.0,87.0,862,1137.0,14,0.2777885173013725,0.3809444904722452,0.04678136477865842,0.2197950898898125,0
dropowa01,1288,4124,478,1113,152,704.0,5.0,328,582.0,13,0.2698836081474297,0.32367475292003595,0.03685741998060136,0.1411251212415131,0
drysddo01,547,1169,96,218,29,113.0,0.0,60,370.0,14,0.1864841745081266,0.22620016273393004,0.02480752780153978,0.3165098374679213,1
duffyhu01,1737,7044,1554,2293,106,1302.0,574.0,664,268.0,17,0.3255252697331062,0.38362740010378826,0.015048268029528676,0.0380465644520159,1
duganjo01,1447,5410,665,1516,42,571.0,37.0,250,419.0,14,0.28022181146025876,0.31201413427561836,0.007763401109057301,0.07744916820702404,0
dunlafr01,965,3974,759,1159,41,366.0,85.0,283,263.0,12,0.29164569703069954,0.3387361992013155,0.01031706089582285,0.06618017111222949,0
dunnad01,2001,6883,1097,1631,462,1168.0,63.0,1317,2379.0,14,0.23696062763329942,0.3595121951219512,0.06712189452273717,0.34563417114630246,0
dunnja01,490,1622,197,397,1,164.0,55.0,83,122.0,8,0.24475955610357583,0.28152492668621704,0.0006165228113440197,0.0752157829839704,0
dunstsh01,1814,5927,736,1597,150,668.0,212.0,203,1000.0,18,0.2694449131094989,0.2936378466557912,0.025307912940779484,0.16871941960519657,0
durhara01,1975,7408,1249,2054,192,875.0,273.0,820,1201.0,14,0.27726781857451405,0.34929508993680114,0.02591792656587473,0.16212203023758098,0
durocle01,1637,5350,575,1320,24,567.0,31.0,377,480.0,17,0.2467289719626168,0.29631569757290027,0.004485981308411215,0.08971962616822429,0
dyeje01,1763,6487,984,1779,325,1072.0,46.0,597,1308.0,14,0.2742407892708494,0.33540372670807456,0.050100200400801605,0.20163403730538,0
dykesji01,2282,8046,1108,2256,108,1071.0,70.0,958,850.0,22,0.2803877703206562,0.3569524655708574,0.013422818791946308,0.10564255530698484,0
dykstle01,1278,4559,802,1298,81,404.0,285.0,640,503.0,12,0.28471155955253347,0.37276399307559144,0.017767054178547927,0.1103312129853038,0
eckstda01,1311,5041,701,1414,35,392.0,123.0,376,418.0,10,0.2804999008133307,0.33044120361823887,0.006943066851815116,0.08292005554453481,0
edmonji01,2011,6858,1251,1949,393,1199.0,67.0,998,1729.0,17,0.284193642461359,0.37512729124236255,0.05730533683289589,0.2521143190434529,0
edwarha01,735,2191,285,613,51,276.0,9.0,208,264.0,11,0.2797809219534459,0.3422259274697791,0.02327704244637152,0.1204929256047467,0
edwarjo01,1470,4577,430,1106,81,524.0,15.0,465,635.0,14,0.24164299759667904,0.31158270527568427,0.017697181559973782,0.13873716408127595,0
ehmkeho01,429,1009,71,210,0,73.0,5.0,26,111.0,15,0.20812685827552033,0.22801932367149758,0.0,0.11000991080277503,0
eisenji01,1422,3995,492,1160,52,477.0,105.0,324,435.0,15,0.2903629536921151,0.34359805510534847,0.013016270337922404,0.10888610763454318,0
elberki01,1292,4561,647,1235,10,535.0,213.0,427,166.0,14,0.2707739530804648,0.33319967923015237,0.0021925016443762333,0.03639552729664547,0
elliobo01,1978,7141,1064,2061,170,1195.0,60.0,967,604.0,15,0.2886150399103767,0.3734583127775037,0.02380618960929842,0.08458199131774262,0
ellsbja01,1235,4846,749,1376,104,512.0,343.0,399,737.0,11,0.283945522080066,0.33841754051477596,0.021460998761865455,0.15208419314898886,0
ennisde01,1903,7254,985,2063,288,1284.0,45.0,597,719.0,14,0.2843948166528812,0.3388103426315119,0.03970223325062035,0.09911772814998622,0
erstada01,1654,6024,913,1697,124,699.0,179.0,475,939.0,14,0.2817065073041169,0.33420526234805353,0.020584329349269587,0.15587649402390438,0
ethiean01,1455,4800,641,1367,162,687.0,29.0,519,938.0,12,0.28479166666666667,0.3545779281819891,0.03375,0.19541666666666666,0
evansda01,2687,8973,1344,2223,414,1354.0,98.0,1605,1410.0,21,0.2477432296890672,0.3618831537152581,0.04613841524573721,0.15713808090939485,0
evansdw01,2606,8996,1470,2446,385,1384.0,78.0,1391,1697.0,20,0.27189862160960426,0.36940406277077115,0.0427967985771454,0.18863939528679413,0
eversjo01,1784,6137,919,1659,12,538.0,324.0,778,293.0,18,0.2703275215903536,0.35242227042660884,0.001955352778230406,0.04774319700179241,1
ewingbu01,1315,5363,1129,1625,71,883.0,354.0,392,294.0,18,0.3030020510908074,0.35047784535186793,0.013238858847659891,0.05482006339735223,1
faberre01,670,1269,98,170,3,70.0,7.0,169,479.0,20,0.13396375098502758,0.2357440890125174,0.002364066193853428,0.37746256895193064,1
fairlro01,2442,7184,931,1913,215,1044.0,35.0,1052,877.0,21,0.2662861915367483,0.3600048567265663,0.02992761692650334,0.12207683741648107,0
fellebo01,570,1282,99,193,8,99.0,1.0,100,505.0,18,0.15054602184087362,0.21201157742402316,0.0062402496099844,0.39391575663026523,1
fergujo01,1013,3001,407,719,122,445.0,22.0,562,607.0,14,0.23958680439853383,0.35952848722986247,0.04065311562812396,0.20226591136287905,0
fernato01,2158,7911,1057,2276,94,844.0,246.0,690,784.0,17,0.2877006699532297,0.3448436228345541,0.011882189356592087,0.09910251548476805,0
ferreri01,1884,6028,687,1692,28,734.0,29.0,931,277.0,18,0.28069011280690115,0.3769219715476362,0.0046449900464499,0.045952222959522226,1
ferrewe01,548,1176,175,329,38,208.0,2.0,129,185.0,15,0.27976190476190477,0.35095785440613025,0.03231292517006803,0.15731292517006804,0
fieldce01,1470,5157,744,1313,319,1008.0,2.0,693,1316.0,13,0.25460539073104516,0.3429059829059829,0.06185766918751212,0.25518712429707197,0
fieldpr01,1611,5821,862,1645,319,1028.0,18.0,847,1155.0,12,0.2825974918398901,0.3737252549490102,0.05480158048445284,0.19841951554715684,0
figgich01,1282,4701,708,1298,35,403.0,341.0,540,832.0,12,0.2761114656456073,0.35069643197863004,0.007445224420336099,0.17698362050627525,0
finlest01,2583,9397,1443,2548,304,1167.0,320.0,844,1299.0,19,0.2711503671384484,0.3312176545259252,0.03235075023943812,0.1382356071086517,0
fiskca01,2499,8756,1276,2356,376,1330.0,128.0,849,1386.0,24,0.26907263590680675,0.3336803748047892,0.0429419826404751,0.15829145728643215,1
fitzsfr01,513,1155,112,231,14,103.0,0.0,36,177.0,19,0.2,0.22418136020151133,0.012121212121212121,0.15324675324675324,0
fletcar01,1533,5541,684,1534,32,675.0,160.0,203,355.0,13,0.27684533477711604,0.3024025069637883,0.005775130842808157,0.064067857787403,0
flickel01,1483,5597,950,1752,48,756.0,330.0,597,567.0,13,0.3130248347328926,0.3792379722311915,0.008576022869394318,0.10130427014472039,1
flintsi01,760,2913,380,687,21,295.0,12.0,54,471.0,13,0.23583934088568487,0.24974721941354905,0.007209062821833162,0.16168898043254376,0
floodcu01,1759,6357,851,1861,85,636.0,88.0,444,609.0,15,0.29274815164385715,0.3389207469489781,0.013371086990718893,0.09579990561585654,0
floydcl01,1621,5319,824,1479,233,865.0,148.0,601,1064.0,17,0.27805978567399886,0.35135135135135137,0.0438052265463433,0.20003760105282947,0
fonsele01,937,3404,518,1075,31,485.0,64.0,186,199.0,12,0.31580493537015275,0.3512534818941504,0.009106933019976499,0.05846063454759107,0
fordwh01,500,1023,91,177,3,69.0,3.0,113,224.0,16,0.17302052785923755,0.25528169014084506,0.002932551319648094,0.21896383186705767,1
fosteed02,1500,5652,732,1490,6,451.0,195.0,528,316.0,13,0.2636234961075725,0.32653721682847897,0.0010615711252653928,0.055909412597310686,0
fostege01,1977,7023,986,1925,348,1239.0,51.0,666,1419.0,18,0.274099387726043,0.33697489920665885,0.049551473729175566,0.20205040580948314,0
foxne01,2367,9232,1279,2663,35,790.0,76.0,719,216.0,19,0.2884532062391681,0.3398653401668174,0.003791161178509532,0.02339688041594454,1
foxxji01,2317,8134,1751,2646,534,1922.0,87.0,1452,1311.0,20,0.3253012048192771,0.4274984352180263,0.06565035652815343,0.16117531349889352,1
frasech01,459,1319,134,235,3,96.0,19.0,81,295.0,14,0.17816527672479152,0.2257142857142857,0.002274450341167551,0.22365428354814254,0
freehbi01,1774,6073,706,1591,200,758.0,24.0,626,753.0,15,0.2619792524287831,0.3309449171518137,0.032932652725177015,0.12399143751029146,0
freembu01,1126,4208,588,1235,82,713.0,92.0,272,388.0,11,0.29348859315589354,0.33638392857142857,0.019486692015209126,0.09220532319391635,0
fregoji01,1902,6523,844,1726,151,706.0,76.0,715,1097.0,18,0.26460217691246357,0.33724785852445427,0.02314885788747509,0.16817415299708724,0
frencla01,570,1057,83,199,1,84.0,3.0,48,210.0,14,0.18826868495742669,0.2235294117647059,0.000946073793755913,0.1986754966887417,0
friscfr01,2311,9112,1532,2880,105,1244.0,419.0,728,272.0,19,0.3160667251975417,0.36666666666666664,0.011523266022827041,0.029850746268656716,1
frymatr01,1698,6481,895,1776,223,1022.0,72.0,602,1369.0,13,0.2740317852183305,0.33573344627982493,0.034408270328652985,0.21123283443912977,0
furcara01,1614,6477,1063,1817,113,587.0,314.0,643,910.0,14,0.280531110081828,0.3455056179775281,0.017446348618187432,0.14049714373938552,0
furilca01,1806,6378,895,1910,192,1058.0,48.0,514,436.0,15,0.29946691752900595,0.3517121300058038,0.030103480714957668,0.06835998745688304,0
gaettga01,2507,8951,1130,2280,360,1341.0,96.0,634,1602.0,20,0.25472014300078205,0.3040166927490871,0.0402189699474919,0.17897441626633895,0
gagliph01,702,1411,150,336,14,159.0,5.0,163,184.0,12,0.23812898653437278,0.3170266836086404,0.009922041105598866,0.13040396881644223,0
galanau01,1742,5937,1004,1706,100,830.0,123.0,979,393.0,16,0.2873505137274718,0.3882301908617698,0.01684352366515075,0.06619504800404244,0
galaran01,2257,8096,1195,2333,399,1425.0,128.0,583,2003.0,19,0.28816699604743085,0.3359834082267542,0.049283596837944664,0.24740612648221344,0
galvipu01,731,2748,278,552,5,220.0,23.0,38,631.0,15,0.20087336244541484,0.21177315147164394,0.001819505094614265,0.22962154294032022,1
gamblos01,1584,4502,656,1195,200,666.0,47.0,610,546.0,17,0.26543758329631273,0.3530907668231612,0.0444247001332741,0.1212794313638383,0
gantro01,1832,6449,1080,1651,321,1008.0,243.0,770,1411.0,16,0.2560086835168243,0.33536500900401717,0.04977515893937044,0.2187936114126221,0
garcino01,1434,5586,927,1747,229,936.0,95.0,403,554.0,14,0.31274615109201576,0.35899148438804473,0.040995345506623704,0.0991765127103473,0
gardnje02,698,2487,473,703,3,232.0,136.0,362,18.0,13,0.28266988339364696,0.37381537381537383,0.0012062726176115801,0.007237635705669481,0
garneph01,1860,6136,780,1594,109,738.0,225.0,564,842.0,16,0.25977835723598436,0.322089552238806,0.017764015645371577,0.13722294654498043,0
garvest01,2332,8835,1143,2599,272,1308.0,83.0,479,1003.0,19,0.29417091114883986,0.330470259823921,0.03078664402942841,0.11352574985851727,0
gehrich01,2323,8860,1774,2839,184,1427.0,181.0,1186,372.0,19,0.32042889390519186,0.4006569779016524,0.02076749435665914,0.04198645598194131,1
gehrilo01,2164,8001,1888,2721,493,1995.0,102.0,1508,790.0,17,0.3400824896887889,0.4447365653591335,0.06161729783777028,0.0987376577927759,1
gelbech01,876,2869,398,766,17,350.0,34.0,290,245.0,9,0.26699198326943185,0.3342830009496676,0.0059254095503659815,0.08539560822586267,0
geronce01,1522,3780,460,977,51,392.0,82.0,354,746.0,15,0.25846560846560845,0.3219641993226899,0.013492063492063493,0.19735449735449737,0
giambja01,2260,7267,1227,2010,440,1441.0,20.0,1366,1572.0,20,0.2765928168432641,0.3910575697903394,0.06054768129902298,0.21632035227741847,0
gibsobo01,596,1328,132,274,24,144.0,13.0,63,415.0,17,0.2063253012048193,0.24227174694464415,0.018072289156626505,0.3125,1
gibsojo99,766,2768,733,1007,197,872.0,44.0,400,20.0,16,0.3638005780346821,0.4441287878787879,0.07117052023121387,0.0072254335260115606,1
gibsoki01,1635,5798,985,1553,255,870.0,284.0,718,1285.0,17,0.26785098309761984,0.3485267034990792,0.043980682994135906,0.22162814763711625,0
gilesbr02,1847,6527,1121,1897,287,1078.0,109.0,1183,835.0,15,0.29063888463306264,0.39948119325551235,0.04397119656810173,0.12793013635667227,0
gilliji01,2094,7600,1255,2021,65,624.0,219.0,1102,416.0,17,0.26592105263157895,0.3588830153987589,0.008552631578947369,0.05473684210526316,0
glassja01,1737,7033,1164,2041,27,827.0,372.0,440,212.0,17,0.2902033271719039,0.3319951826575672,0.003839044504478885,0.03014360870183421,0
glaustr01,1537,5410,889,1375,320,950.0,56.0,854,1377.0,13,0.2541589648798521,0.35584291187739464,0.059149722735674676,0.25452865064695007,0
glavito02,709,1323,93,246,1,90.0,1.0,101,329.0,22,0.18594104308390022,0.24367977528089887,0.0007558578987150416,0.24867724867724866,1
gleaski01,1968,7459,1022,1946,15,824.0,329.0,501,408.0,22,0.26089288108325515,0.30741206030150753,0.002010993430754793,0.054699021316530365,0
gonzaad01,1929,7139,997,2050,317,1202.0,6.0,782,1401.0,15,0.28715506373441657,0.35753061482136095,0.044403978148200025,0.1962459728253257,0
gonzaca01,1377,5033,821,1432,234,785.0,122.0,448,1240.0,12,0.2845221537850189,0.3430031016237913,0.046493145241406714,0.24637393204848004,0
gonzaju03,1689,6556,1061,1936,434,1404.0,26.0,457,1273.0,17,0.2953020134228188,0.3412234421788108,0.06619890176937157,0.1941732763880415,0
gonzalu01,2591,9157,1412,2591,354,1439.0,128.0,1155,1218.0,19,0.28295293218302936,0.363266097750194,0.03865894943758873,0.13301299552255105,0
gonzami01,1042,2829,283,717,13,263.0,52.0,231,198.0,17,0.25344644750795337,0.30980392156862746,0.004595263343937788,0.06998939554612937,0
gordojo01,1566,5707,914,1530,253,975.0,89.0,759,702.0,11,0.2680918170667601,0.35400556758428703,0.04433152269143158,0.12300683371298406,1
gosgeji01,705,1815,197,411,30,177.0,25.0,217,316.0,10,0.22644628099173553,0.3090551181102362,0.01652892561983471,0.17410468319559227,0
gosligo01,2287,8656,1483,2735,248,1609.0,175.0,949,585.0,18,0.31596580406654345,0.3835502342529932,0.02865064695009242,0.06758317929759704,1
gowdyha01,1050,2735,270,738,21,322.0,59.0,311,247.0,17,0.26983546617915904,0.34438608010505584,0.007678244972577696,0.09031078610603291,0
gracema01,2245,8065,1179,2445,173,1146.0,70.0,1075,642.0,16,0.3031618102913825,0.3851203501094092,0.021450712957222565,0.0796032238065716,0
grandcu01,2057,7236,1217,1800,344,937.0,153.0,924,1916.0,16,0.24875621890547264,0.3338235294117647,0.04754007739082366,0.26478717523493644,0
granted01,990,3385,399,844,5,277.0,153.0,233,370.0,10,0.24933530280649926,0.29767827529021557,0.0014771048744460858,0.10930576070901034,0
grantge01,1444,4989,912,1508,105,712.0,132.0,717,526.0,13,0.3022649829625175,0.3899404135997196,0.021046301864101023,0.10543195029063941,0
greenha01,1394,5193,1051,1628,331,1276.0,58.0,852,844.0,13,0.31349894088195646,0.41025641025641024,0.06373964952821105,0.16252647795108802,1
greenmi01,1269,4623,657,1400,130,726.0,80.0,460,364.0,12,0.30283365779796667,0.36592563446783394,0.028120268224096908,0.07873675102747134,0
greensh01,1951,7082,1129,2003,328,1070.0,162.0,744,1315.0,15,0.282829709121717,0.3510094556606185,0.04631460039536854,0.1856820107314318,0
grichbo01,2008,6890,1033,1833,224,864.0,104.0,1087,1278.0,17,0.2660377358490566,0.36605240065187417,0.03251088534107402,0.18548621190130624,0
griffcl01,485,1380,202,321,8,166.0,22.0,166,126.0,21,0.2326086956521739,0.315006468305304,0.005797101449275362,0.09130434782608696,1
griffke01,2097,7229,1129,2143,152,859.0,200.0,719,898.0,19,0.29644487480979387,0.36009058882737793,0.021026421358417487,0.1242218840780191,0
griffke02,2671,9801,1662,2781,630,1836.0,184.0,1312,1779.0,22,0.2837465564738292,0.3683073877440835,0.0642791551882461,0.1815120906029997,1
grimebu01,632,1535,157,380,2,168.0,15.0,69,241.0,19,0.247557003257329,0.279925187032419,0.0013029315960912053,0.15700325732899023,1
grimmch01,2166,7917,908,2299,79,1078.0,57.0,578,410.0,20,0.29038777314639386,0.3386698057680989,0.00997852721990653,0.051787293166603514,0
grissma02,2165,8275,1187,2251,227,967.0,429.0,553,1240.0,17,0.27202416918429,0.31762573629361124,0.02743202416918429,0.14984894259818732,0
groatdi01,1929,7484,829,2138,39,707.0,14.0,490,512.0,14,0.2856761090326029,0.3295711060948081,0.00521111704970604,0.068412613575628,0
grohhe01,1676,6074,918,1774,26,566.0,180.0,696,345.0,16,0.292064537372407,0.36484490398818314,0.004280540006585446,0.056799473164306884,0
grossgr01,1809,3745,449,1073,7,308.0,39.0,523,250.0,17,0.2865153538050734,0.3739456419868791,0.001869158878504673,0.06675567423230974,0
groteje01,1421,4339,352,1092,39,404.0,15.0,399,600.0,16,0.25167089191057845,0.31468974250738707,0.008988246139663517,0.13828070984097718,0
grovele01,619,1369,119,202,15,121.0,1.0,105,593.0,17,0.14755295836376917,0.20827679782903663,0.01095690284879474,0.4331628926223521,1
grudzma01,1802,7052,946,2040,90,640.0,133.0,364,954.0,15,0.2892796369824163,0.32416396979503775,0.012762336925694838,0.13528077141236527,0
guerrpe01,1536,5392,730,1618,215,898.0,97.0,609,862.0,15,0.3000741839762611,0.37110481586402266,0.039873887240356086,0.15986646884272998,0
guerrvl01,2147,8155,1328,2590,449,1496.0,181.0,737,985.0,16,0.31759656652360513,0.3741565452091768,0.05505824647455549,0.12078479460453709,1
guillca01,1305,4673,733,1331,124,660.0,74.0,510,804.0,14,0.2848277337898566,0.3551996912984758,0.02653541622084314,0.17205221485127328,0
guilloz01,1993,6686,773,1764,28,619.0,169.0,239,511.0,16,0.26383487885133117,0.28924187725631767,0.004187855219862399,0.07642835776248878,0
gustifr01,1261,4582,553,1214,38,480.0,60.0,369,427.0,12,0.26494980357922304,0.31973338719450617,0.008293321693583587,0.09319074639895242,0
gwynnto01,2440,9288,1383,3141,135,1138.0,319.0,790,434.0,20,0.3381782945736434,0.390057551101409,0.014534883720930232,0.04672695951765719,1
haasmu01,1168,4303,706,1257,43,496.0,12.0,433,299.0,12,0.2921217755054613,0.35684121621621623,0.009993028119916338,0.06948640483383686,0
hackst01,1938,7278,1239,2193,57,642.0,165.0,1092,466.0,16,0.30131904369332235,0.3924731182795699,0.007831821929101401,0.06402857928002198,0
hafeych01,1283,4625,777,1466,164,833.0,70.0,372,477.0,13,0.316972972972973,0.3678206924154493,0.03545945945945946,0.10313513513513514,1
hafnetr01,1183,4058,619,1107,213,731.0,11.0,598,976.0,12,0.2727944800394283,0.36619415807560135,0.05248891079349433,0.2405125677673731,0
haineje01,560,1124,76,209,3,79.0,2.0,30,246.0,19,0.18594306049822065,0.207105719237435,0.0026690391459074734,0.2188612099644128,1
hamilbi01,1594,6283,1697,2164,40,742.0,914.0,1189,362.0,14,0.34442145471908325,0.44874197002141325,0.006366385484641095,0.05761578863600191,1
hardeme01,584,1203,89,199,4,93.0,2.0,39,369.0,20,0.16541978387364922,0.19162640901771336,0.0033250207813798837,0.30673316708229426,0
hardyjj01,1561,5805,718,1488,188,688.0,8.0,411,960.0,13,0.2563307493540052,0.3055019305019305,0.03238587424633936,0.165374677002584,0
hargrbu01,852,2533,314,786,29,376.0,29.0,217,165.0,12,0.3103039873667588,0.36472727272727273,0.011448874851954205,0.06514015001973944,0
hargrmi01,1666,5564,783,1614,80,686.0,24.0,965,550.0,12,0.29007907979870595,0.3950068923265431,0.014378145219266714,0.09884974838245866,0
harpeto01,1810,6269,972,1609,146,567.0,408.0,753,1080.0,15,0.2566597543467858,0.3363714041583594,0.023289200829478385,0.17227628010847024,0
harrato01,2155,7402,1115,1954,195,918.0,238.0,1153,868.0,17,0.26398270737638474,0.36317942723553476,0.026344231288840853,0.11726560389084031,0
harrebu01,1533,4744,539,1120,7,267.0,127.0,633,653.0,16,0.23608768971332209,0.3260182257764553,0.001475548060708263,0.13764755480607083,0
harribu01,1263,4736,722,1297,9,506.0,167.0,472,310.0,12,0.2738597972972973,0.3396697388632873,0.001900337837837838,0.06545608108108109,0
harrile01,1903,3924,460,1055,37,369.0,131.0,279,337.0,18,0.26885830784913356,0.317392338805615,0.009429153924566768,0.08588175331294598,0
harrivi01,579,1610,168,349,13,121.0,36.0,160,281.0,8,0.21677018633540374,0.28757062146892653,0.008074534161490683,0.17453416149068324,0
hartnga01,1990,6432,867,1912,236,1179.0,28.0,703,697.0,20,0.2972636815920398,0.3665031534688157,0.03669154228855721,0.10836442786069651,1
hattogr01,1312,4206,562,1068,91,533.0,42.0,646,430.0,12,0.25392296718972895,0.35325638911788954,0.02163575844032335,0.10223490252020923,0
heathje01,1383,4937,777,1447,194,887.0,56.0,593,670.0,14,0.29309297144014584,0.3688969258589512,0.03929511849301195,0.13570994531091757,0
hebneri01,1908,6144,865,1694,203,890.0,38.0,687,741.0,18,0.2757161458333333,0.34855804421021813,0.033040364583333336,0.12060546875,0
heganji01,1666,4772,550,1087,92,525.0,15.0,456,742.0,17,0.22778709136630343,0.295141545524101,0.019279128248113998,0.15549036043587594,0
heilmha01,2148,7787,1291,2660,183,1539.0,113.0,856,550.0,17,0.3415949659689226,0.40680319333564735,0.023500706305380762,0.07063053807628097,1
helmsto01,1435,4997,414,1342,34,477.0,33.0,231,301.0,14,0.2685611366820092,0.30087987758224943,0.0068040824494696815,0.060236141685011006,0
heltoto01,2247,7962,1401,2519,369,1406.0,37.0,1335,1175.0,17,0.31637779452398895,0.41454232548133807,0.04634513941220799,0.1475759859331826,1
hemusso01,961,2694,459,736,51,263.0,21.0,456,248.0,11,0.27319970304380103,0.3784126984126984,0.01893095768374165,0.09205642167780252,0
hendeda01,1538,5130,710,1324,197,708.0,50.0,465,1105.0,14,0.2580896686159844,0.3197497765862377,0.038401559454191034,0.21539961013645223,0
henderi01,3081,10961,2295,3055,297,1115.0,1406.0,2190,1694.0,25,0.2787154456710154,0.39882898638886777,0.027096067877018522,0.15454794270595748,1
hendrge01,2048,7129,941,1980,267,1111.0,59.0,567,1013.0,18,0.2777388132977977,0.33095114345114346,0.03745265815682424,0.142095665591247,0
henrito01,1284,4603,901,1297,183,795.0,37.0,712,383.0,11,0.28177275689767545,0.3779868297271872,0.03975668042580925,0.08320660438844232,0
hermaba01,1552,5603,882,1818,181,997.0,94.0,520,553.0,13,0.3244690344458326,0.38183896782622895,0.03230412279136177,0.09869712653935392,0
hermabi01,1922,7707,1163,2345,47,839.0,67.0,737,428.0,15,0.3042688465031789,0.3649928943628612,0.006098352147398469,0.055533930193330736,1
hernake01,2088,7370,1124,2182,162,1071.0,98.0,1070,1012.0,17,0.29606512890094977,0.3853080568720379,0.02198100407055631,0.1373134328358209,0
herzobu01,1493,5284,705,1370,20,445.0,320.0,427,331.0,13,0.25927327781983345,0.3146559271581159,0.003785011355034065,0.06264193792581378,0
hickmji02,1421,3974,518,1002,159,560.0,17.0,491,832.0,13,0.2521389028686462,0.33437849944008957,0.04001006542526422,0.2093608454957222,0
higgibo02,1362,4910,736,1336,187,709.0,91.0,649,796.0,11,0.2720977596741344,0.35707861126101814,0.03808553971486762,0.16211812627291242,0
higgipi01,1802,6636,930,1941,140,1075.0,61.0,800,590.0,14,0.29249547920433994,0.36861215707369555,0.02109704641350211,0.08890898131404461,0
hillpe99,658,2375,489,788,48,425.0,74.0,299,4.0,21,0.3317894736842105,0.40650710545998503,0.020210526315789474,0.0016842105263157896,1
hinchbi01,908,3043,364,793,20,369.0,85.0,298,438.0,10,0.2605980939861978,0.3265489374438791,0.006572461386789352,0.14393690437068682,0
hislela01,1197,4205,652,1146,166,674.0,128.0,462,941.0,14,0.27253269916765754,0.34454681808442256,0.03947681331747919,0.22378121284185493,0
hodgegi01,2071,7030,1105,1921,370,1274.0,63.0,943,1137.0,18,0.2732574679943101,0.35921234165307914,0.05263157894736842,0.16173541963015647,1
hollima01,1903,7009,1157,2096,316,1220.0,108.0,802,1362.0,15,0.29904408617491796,0.37101523492510563,0.04508489085461549,0.19432158653160223,0
holmeto01,1320,4992,698,1507,88,581.0,40.0,480,122.0,11,0.30188301282051283,0.36312134502923976,0.017628205128205128,0.024439102564102564,0
hoopeha01,2309,8785,1429,2466,75,817.0,375.0,1136,582.0,17,0.2807057484348321,0.36306823908880154,0.008537279453614115,0.06624928856004553,1
hornebo01,1020,3777,560,1047,218,685.0,14.0,369,512.0,10,0.27720413026211277,0.341534008683068,0.05771776542229282,0.13555732062483453,0
hornsro01,2259,8173,1579,2930,301,1584.0,135.0,1038,679.0,23,0.35849749174109874,0.4307892736944957,0.03682858191606509,0.08307842897344916,1
hortowi01,2028,7298,873,1993,325,1163.0,20.0,620,1313.0,18,0.27308851740202794,0.3300075776711291,0.0445327486982735,0.17991230474102493,0
howarel01,1625,5443,635,1491,168,775.0,10.0,376,786.0,15,0.2739298181150101,0.3208455061007046,0.030865331618592687,0.14440565864413007,0
howarfr01,1895,6488,864,1774,382,1119.0,8.0,782,1460.0,16,0.27342786683107273,0.3515818431911967,0.05887792848335388,0.22503082614056721,0
howarry01,1572,5707,848,1475,382,1194.0,12.0,709,1843.0,13,0.2584545295251446,0.3403990024937656,0.06693534256176625,0.322936744349045,0
howear01,891,2626,268,682,43,293.0,10.0,275,287.0,11,0.2597105864432597,0.3298862461220269,0.016374714394516376,0.10929169840060929,0
howelro02,1112,3791,422,991,80,454.0,9.0,318,675.0,11,0.2614085993141651,0.3185689948892675,0.021102611448166712,0.1780532840939066,0
hoydu01,1797,7115,1429,2048,40,725.0,596.0,1006,345.0,14,0.2878425860857344,0.37606206132249725,0.005621925509486999,0.04848910751932537,0
hoytwa01,674,1287,96,255,0,100.0,0.0,40,161.0,21,0.19813519813519814,0.22230595327807084,0.0,0.1250971250971251,1
hrbekke01,1747,6192,903,1749,293,1086.0,37.0,838,798.0,14,0.2824612403100775,0.3679943100995733,0.04731912144702843,0.12887596899224807,0
hubbeca01,535,1288,95,246,4,101.0,1.0,33,172.0,16,0.19099378881987578,0.21120363361090083,0.003105590062111801,0.13354037267080746,1
hudsoor01,1345,4825,648,1319,93,542.0,85.0,483,825.0,11,0.2733678756476684,0.3394875659382065,0.01927461139896373,0.17098445595854922,0
huffau01,1681,6104,806,1699,242,904.0,37.0,571,907.0,13,0.27834207077326345,0.3400749063670412,0.03964613368283093,0.1485910878112713,0
huggimi01,1586,5558,948,1474,9,318.0,324.0,1003,556.0,13,0.26520331054336094,0.3775339125133364,0.0016192875134940627,0.10003598416696653,0
hughesa01,412,1530,325,484,21,235.0,21.0,177,11.0,12,0.31633986928104574,0.3872290568248389,0.013725490196078431,0.00718954248366013,0
hundlra01,1061,3442,311,813,82,381.0,12.0,271,565.0,14,0.23619988378849507,0.29194721249663347,0.023823358512492735,0.1641487507263219,0
hunteto01,2372,8857,1296,2452,353,1391.0,195.0,661,1741.0,19,0.27684317488991755,0.3270645093507039,0.03985548154002484,0.19656768657558993,0
huntro01,1483,5235,745,1429,39,370.0,65.0,555,382.0,12,0.27297039159503345,0.3426597582037997,0.007449856733524355,0.07297039159503343,0
ibanera01,2161,7471,1055,2034,305,1207.0,50.0,713,1374.0,19,0.2722527104805247,0.33565493646138805,0.04082452148306786,0.183911123008968,0
irvinmo01,1055,3570,593,1091,140,693.0,54.0,484,231.0,18,0.30560224089635857,0.3885051800690676,0.0392156862745098,0.06470588235294118,1
irwinch01,991,3685,556,986,16,493.0,180.0,287,173.0,10,0.26757123473541383,0.3204934541792548,0.004341926729986432,0.04694708276797829,0
jacksjo01,1332,4981,873,1772,54,785.0,202.0,519,233.0,13,0.3557518570568159,0.41654545454545455,0.010841196546878137,0.046777755470788995,0
jacksla01,599,1089,77,170,2,48.0,2.0,41,310.0,14,0.1561065197428834,0.18672566371681415,0.0018365472910927456,0.2846648301193756,0
jacksre01,2820,9864,1551,2584,563,1702.0,228.0,1375,2597.0,21,0.2619626926196269,0.352255538748999,0.05707623682076237,0.26328061638280614,1
jacksso01,936,3055,396,767,7,162.0,126.0,250,265.0,12,0.251063829787234,0.3077155824508321,0.0022913256955810145,0.0867430441898527,0
jackstr01,1656,6086,833,1768,135,929.0,71.0,412,565.0,15,0.2905027932960894,0.3354878424130502,0.022182057180414064,0.0928360170883996,1
javieju01,1622,5722,722,1469,78,506.0,135.0,314,812.0,13,0.2567284166375393,0.2953943008614977,0.013631597343586158,0.14190842362810205,0
jeffegr01,1465,5520,761,1593,126,663.0,196.0,472,348.0,14,0.28858695652173916,0.3446261682242991,0.02282608695652174,0.06304347826086956,0
jenkifa01,627,2476,558,836,21,288.0,128.0,293,8.0,18,0.3376413570274637,0.40772842181292884,0.008481421647819063,0.0032310177705977385,0
jennihu01,1284,4895,992,1526,18,840.0,359.0,347,234.0,18,0.3117466802860061,0.35730637161388784,0.0036772216547497445,0.04780388151174668,1
jenseja01,1438,5236,810,1463,199,929.0,143.0,750,546.0,11,0.27941176470588236,0.3696959572335449,0.0380061115355233,0.10427807486631016,0
jeterde01,2747,11195,1923,3465,260,1311.0,358.0,1082,1840.0,20,0.30951317552478785,0.3703673535880101,0.023224653863331845,0.16435908887896383,1
jethrsa01,618,2459,428,680,59,282.0,135.0,223,296.0,12,0.27653517690117935,0.3366890380313199,0.023993493289955266,0.12037413582757218,0
johnsal01,1322,4623,550,1331,78,525.0,113.0,244,626.0,13,0.2879082846636383,0.32360797205670844,0.016872160934458143,0.1354099069868051,0
johnsbo01,1863,6920,1239,2051,288,1283.0,96.0,1075,851.0,13,0.2963872832369942,0.39099437148217636,0.04161849710982659,0.12297687861271676,0
johnsch04,1188,3836,465,940,167,570.0,6.0,475,997.0,12,0.24504692387904067,0.3282301090234284,0.04353493222106361,0.25990615224191865,0
johnsda02,1435,4797,564,1252,136,609.0,33.0,559,675.0,13,0.2609964561184073,0.33812546676624344,0.028351052741296644,0.14071294559099437,0
johnsde01,1765,5941,706,1447,245,923.0,11.0,585,1318.0,16,0.24356168995118666,0.311369904995403,0.041238848678673626,0.22184817370812995,0
johnsho01,1531,4940,760,1229,228,760.0,231.0,692,1053.0,14,0.24878542510121457,0.3410866477272727,0.046153846153846156,0.2131578947368421,0
johnsju99,981,3644,615,1078,36,609.0,95.0,254,29.0,17,0.29582875960482985,0.3417136993329913,0.009879253567508232,0.007958287596048299,1
johnswa01,933,2324,241,547,24,255.0,13.0,110,419.0,21,0.23537005163511188,0.26992604765817585,0.010327022375215147,0.18029259896729777,1
jonesad01,1823,7009,963,1939,282,945.0,97.0,340,1395.0,14,0.2766443144528463,0.3101102190774255,0.04023398487658725,0.19902981880439435,0
jonesan01,2196,7599,1204,1933,434,1289.0,152.0,891,1748.0,17,0.25437557573364916,0.3326266195524146,0.05711277799710488,0.23003026714041322,0
jonesch06,2499,8984,1619,2726,468,1623.0,150.0,1512,1409.0,19,0.30342831700801426,0.4037728658536585,0.05209260908281389,0.15683437221727514,1
jonescl01,1213,4263,565,1196,93,524.0,91.0,360,702.0,13,0.28055360075064506,0.33657797966688296,0.021815622800844477,0.16467276565798733,0
jonesfi01,1788,6747,1180,1920,21,631.0,359.0,817,422.0,15,0.28457092040907067,0.3618455843469064,0.0031124944419742106,0.062546316881577,0
jonessa01,713,1243,151,245,6,99.0,7.0,139,346.0,22,0.19710378117457764,0.2778581765557164,0.004827031375703942,0.27835880933226065,0
jordabr01,1456,5160,755,1454,184,821.0,119.0,353,842.0,15,0.2817829457364341,0.3277707237438781,0.03565891472868217,0.1631782945736434,0
jordati01,540,1813,220,474,32,232.0,48.0,254,265.0,7,0.26144511858797576,0.3522012578616352,0.01765030336458908,0.14616657473800332,0
jorgemi01,1633,3421,429,833,95,426.0,58.0,532,589.0,17,0.24349605378544284,0.3453073614975968,0.02776965799473838,0.17217187956737795,0
joynewa01,2033,7127,973,2060,204,1106.0,60.0,833,825.0,16,0.2890416725129788,0.3634422110552764,0.028623544268275573,0.11575698049670267,0
judgejo01,2171,7898,1184,2352,71,1034.0,213.0,965,478.0,20,0.2977969106102811,0.37425251043664676,0.008989617624715118,0.06052165105089896,0
jurgebi01,1816,6253,721,1613,43,656.0,36.0,568,530.0,17,0.25795618103310414,0.319747837560475,0.006876699184391492,0.08475931552854629,0
justida01,1610,5625,929,1571,305,1017.0,53.0,903,999.0,14,0.27928888888888886,0.3789828431372549,0.05422222222222222,0.1776,0
kaatji01,1004,1251,117,232,16,106.0,5.0,63,367.0,25,0.18545163868904876,0.22450532724505326,0.012789768185451638,0.293365307753797,1
kalinal01,2834,10116,1622,3007,399,1583.0,137.0,1277,1020.0,22,0.2972518782127323,0.37602036338102346,0.03944246737841044,0.10083036773428232,1
kammwi01,1693,5851,802,1643,29,826.0,126.0,824,405.0,13,0.2808066997094514,0.3695880149812734,0.004956417706374979,0.06921893693385746,0
karroer01,1755,6441,797,1724,284,1027.0,59.0,552,1167.0,14,0.2676603011954665,0.3254683254683255,0.04409253221549449,0.18118304611085234,0
keefeti01,618,2083,248,390,12,134.0,13.0,175,411.0,14,0.1872299567930869,0.25022143489813997,0.005760921747479597,0.19731156985117618,1
keelewi01,2123,8591,1719,2932,33,810.0,495.0,524,136.0,19,0.34128739378419276,0.3791552386176632,0.0038412291933418692,0.01583052031195437,1
kellech01,1170,3790,725,1085,189,760.0,45.0,784,499.0,13,0.2862796833773087,0.4086139046786183,0.04986807387862797,0.1316622691292876,0
kellejo01,1853,7006,1421,2220,65,1194.0,443.0,911,430.0,17,0.316871253211533,0.39547808513325755,0.009277761918355694,0.06137596345989152,1
kellge01,1795,6702,881,2054,78,870.0,51.0,621,287.0,15,0.30647567890182037,0.3652874504984296,0.011638316920322292,0.04282303789913459,1
kellyge01,1622,5993,819,1778,148,1020.0,65.0,386,694.0,16,0.29667945936926415,0.33923812509797774,0.024695478057734022,0.11580176873018522,1
kellyki01,1456,5896,1357,1813,69,950.0,368.0,549,418.0,16,0.3074966078697422,0.3664856477889837,0.011702849389416554,0.0708955223880597,1
keltnke01,1526,5683,737,1570,163,852.0,39.0,514,480.0,13,0.2762625373922224,0.3362917540745522,0.028682034136899525,0.08446243181418266,0
kendaja01,2085,7627,1030,2195,75,744.0,189.0,721,686.0,15,0.28779336567457714,0.3493052228078582,0.009833486298675757,0.08994362134522092,0
kennebr01,414,1279,151,334,1,148.0,13.0,43,95.0,12,0.2611415168100078,0.28517397881996975,0.0007818608287724785,0.07427677873338545,0
kennejo03,856,2110,237,475,32,185.0,14.0,142,461.0,12,0.22511848341232227,0.27397868561278865,0.015165876777251185,0.2184834123222749,0
kennete02,1491,4979,474,1313,113,628.0,6.0,365,855.0,14,0.26370757180156656,0.31399700598802394,0.022695320345450895,0.17172122916248242,0
kentje01,2298,8498,1320,2461,377,1518.0,94.0,801,1522.0,17,0.2895975523652624,0.3507904075707065,0.04436337961873382,0.1791009649329254,1
kessido01,2078,7651,899,1931,14,527.0,100.0,684,759.0,16,0.2523853091099203,0.3137372525494901,0.0018298261665141812,0.09920271859887596,0
killebi01,1035,3150,237,751,4,240.0,39.0,113,159.0,13,0.2384126984126984,0.2647870058228624,0.0012698412698412698,0.05047619047619047,0
killeha01,2435,8147,1283,2086,573,1584.0,19.0,1559,1699.0,22,0.25604517000122745,0.3755409025345147,0.0703326377807782,0.20854302197127778,1
kilroma01,330,1062,163,236,1,103.0,67.0,118,88.0,10,0.2222222222222222,0.3,0.0009416195856873823,0.08286252354048965,0
kinerra01,1472,5205,971,1451,369,1015.0,22.0,1011,749.0,10,0.2787704130643612,0.3960746460746461,0.07089337175792507,0.14390009606147935,1
kingmda01,1941,6677,901,1575,442,1210.0,85.0,608,1816.0,16,0.23588437921222105,0.29965682910089225,0.06619739403923917,0.2719784334281863,0
kinslia01,1888,7423,1243,1999,257,909.0,243.0,693,1046.0,14,0.26929812744173515,0.33169048792508626,0.034622120436481205,0.14091337734069784,0
kleinch01,1753,6486,1168,2076,300,1201.0,79.0,601,521.0,17,0.32007400555041626,0.3777338789332581,0.04625346901017576,0.0803268578476719,1
kleskry01,1736,5611,874,1564,278,987.0,91.0,817,1077.0,16,0.2787381928355017,0.3704107031736154,0.04954553555515951,0.19194439493851365,0
klingjo01,1261,4246,475,1154,20,515.0,124.0,281,327.0,13,0.2717852096090438,0.31698696708637064,0.004710315591144607,0.07701365991521432,0
kluszte01,1718,5929,848,1766,279,1028.0,20.0,492,365.0,15,0.29785798616967446,0.3516586201526242,0.04705683926463147,0.06156181480856805,0
knabeot01,1278,4469,572,1103,8,365.0,143.0,485,326.0,11,0.24681136719624078,0.32054905127169964,0.0017901096442157081,0.07294696800179011,0
knighra01,1495,4829,490,1311,84,595.0,14.0,343,579.0,13,0.2714847794574446,0.31979891724671305,0.017394905777593703,0.11990060053841375,0
knoblch01,1632,6366,1132,1839,98,615.0,407.0,804,730.0,12,0.2888784165881244,0.3686192468619247,0.015394282123782596,0.11467169337103361,0
konerpa01,2349,8393,1162,2340,439,1412.0,9.0,921,1391.0,18,0.27880376504229715,0.35011810178226327,0.05230549267246515,0.16573334921958774,0
koscoan01,658,1963,204,464,73,267.0,5.0,99,350.0,10,0.23637289862455427,0.27303588748787583,0.03718797758532858,0.1782985226693836,0
kraneed01,1853,5436,536,1418,118,614.0,15.0,454,581.0,18,0.2608535688005887,0.31782682512733446,0.021707137601177335,0.10688005886681383,0
kressre01,1391,5087,691,1454,89,799.0,47.0,474,453.0,14,0.2858266168665225,0.34670023377090453,0.017495576960880676,0.0890505209357185,0
krukjo01,1200,3897,582,1170,100,592.0,58.0,649,701.0,10,0.3002309468822171,0.40013198416190054,0.025660764690787787,0.1798819604824224,0
kuennha01,1833,6913,951,2092,87,671.0,68.0,594,404.0,15,0.3026182554607262,0.35779938723857735,0.012584984811225228,0.058440619123390714,0
kuheljo01,2104,7984,1236,2212,131,1049.0,178.0,980,612.0,18,0.2770541082164329,0.35609103078982596,0.016407815631262524,0.07665330661322645,0
lajoina01,2480,9590,1504,3243,82,1599.0,380.0,516,347.0,21,0.33816475495307613,0.3719572531169602,0.008550573514077163,0.03618352450469239,1
langebi01,813,3202,691,1056,39,579.0,400.0,350,123.0,7,0.3297938788257339,0.3958333333333333,0.012179887570268583,0.038413491567770144,0
lanieha01,1196,3703,297,843,8,273.0,11.0,136,436.0,10,0.22765325411828247,0.25501432664756446,0.002160410477990818,0.11774237105049959,0
lankfra01,1701,5747,968,1561,238,874.0,258.0,828,1550.0,14,0.27161997563946405,0.36334600760456276,0.04141291108404385,0.2697059335305377,0
lansfca01,1862,7158,1007,2074,151,874.0,224.0,553,719.0,15,0.2897457390332495,0.34068214239398265,0.02109527801061749,0.10044705224923163,0
larkiba01,2180,7937,1329,2340,198,960.0,379.0,939,817.0,19,0.2948217210532947,0.36942316358720145,0.024946453319894167,0.10293561799168452,1
lathaar01,1629,6832,1481,1836,27,563.0,742.0,589,305.0,17,0.2687353629976581,0.32677536720118583,0.003951990632318501,0.044642857142857144,0
lavagco01,1043,3509,487,945,40,486.0,63.0,485,244.0,10,0.2693074950128242,0.35803705558337506,0.011399259048161869,0.0695354801937874,0
lazzeto01,1740,6297,986,1840,178,1191.0,148.0,869,864.0,14,0.2922026361759568,0.37803516606195925,0.028267428934413214,0.13720819437827536,1
leachfr01,991,3733,543,1147,72,509.0,32.0,163,189.0,10,0.3072595767479239,0.3362422997946612,0.01928743637824806,0.050629520492901155,0
leachto01,2156,7959,1355,2143,63,810.0,361.0,820,666.0,19,0.2692549315240608,0.3375099669666249,0.0079155672823219,0.08367885412740295,0
leeca01,2099,7983,1125,2273,358,1363.0,125.0,655,984.0,14,0.28473005135913815,0.33896735355406343,0.0448452962545409,0.1232619316046599,0
leede02,1942,6962,1081,1959,331,1078.0,104.0,874,1622.0,15,0.2813846595805803,0.3615364982133742,0.04754380925021545,0.23297902901465095,0
lemonbo01,615,1183,148,274,37,147.0,2.0,93,241.0,15,0.231614539306847,0.28761755485893414,0.03127641589180051,0.2037193575655114,1
lemonch01,1988,6868,973,1875,215,884.0,58.0,749,1024.0,16,0.27300524170064067,0.34449258238151503,0.031304601048340125,0.14909726266744322,0
leonabu99,641,2300,567,790,100,578.0,32.0,419,14.0,15,0.34347826086956523,0.4446487679293858,0.043478260869565216,0.00608695652173913,1
leonadu02,640,1054,53,177,0,69.0,1.0,20,183.0,20,0.16793168880455409,0.18342644320297952,0.0,0.17362428842504743,0
leonaje01,1415,5045,614,1342,144,723.0,163.0,342,1000.0,14,0.26600594648166503,0.3126044180434379,0.02854311199207136,0.19821605550049554,0
lewisdu01,1459,5351,612,1518,38,793.0,113.0,352,546.0,11,0.28368529246869745,0.32789759775556726,0.0071014763595589605,0.10203700242945243,0
lindsfr01,1438,5611,895,1747,103,779.0,84.0,334,276.0,13,0.3113527000534664,0.3500420521446594,0.018356799144537514,0.049189092853323825,1
lloydpo99,981,3731,641,1283,29,661.0,136.0,281,8.0,26,0.3438756365585634,0.3898305084745763,0.0077727150897882605,0.0021441972661484857,1
loberha01,1317,4563,640,1252,32,482.0,316.0,395,302.0,14,0.2743808897655052,0.33219039935457845,0.007012930089853167,0.06618452772298926,0
lockmwh01,1666,5940,836,1658,114,563.0,43.0,552,383.0,15,0.2791245791245791,0.340418977202711,0.01919191919191919,0.06447811447811448,0
loducpa01,1082,3892,483,1112,80,481.0,20.0,266,295.0,11,0.2857142857142857,0.33140933140933143,0.020554984583761562,0.07579650565262076,0
loftoke01,2103,8120,1528,2428,130,781.0,622.0,945,1016.0,17,0.29901477832512313,0.37209045780474354,0.01600985221674877,0.12512315270935961,0
lollash01,1752,5351,623,1415,155,808.0,20.0,671,453.0,18,0.264436553915156,0.3463965459980073,0.02896654830872734,0.08465707344421604,0
lombaer01,1853,5855,601,1792,190,990.0,8.0,430,262.0,17,0.30606319385140907,0.3535401750198886,0.032450896669513236,0.04474807856532878,1
longhe01,1875,7678,1456,2129,91,1055.0,537.0,612,462.0,16,0.2772857514977859,0.33063932448733413,0.011852044803334202,0.06017191977077364,0
lopesda01,1812,6354,1023,1671,155,614.0,557.0,833,852.0,16,0.26298394711992445,0.34840684569361347,0.024394082467736857,0.13408876298394712,0
lopezal01,1950,5916,613,1547,51,652.0,46.0,556,538.0,19,0.2614942528735632,0.324938195302843,0.008620689655172414,0.09093982420554429,0
lopezja01,1503,5319,674,1527,260,864.0,8.0,357,969.0,15,0.2870840383530739,0.33192389006342493,0.048881368678322996,0.18217710095882686,0
lowebo01,1821,7078,1135,1934,71,989.0,303.0,474,436.0,18,0.27324102853913534,0.3188559322033898,0.010031082226617688,0.061599321842328345,0
lowelmi01,1601,5813,771,1619,223,952.0,30.0,548,817.0,13,0.27851367624290385,0.3406697060210659,0.03836229141579219,0.14054704971615345,0
lowenjo01,1368,3476,510,881,116,441.0,128.0,446,596.0,16,0.2534522439585731,0.33834778174400815,0.0333716915995397,0.1714614499424626,0
lucasre01,907,1439,155,404,3,190.0,2.0,124,133.0,16,0.2807505211952745,0.3378119001919386,0.0020847810979847115,0.09242529534398888,0
lundydi01,792,2909,540,952,49,567.0,106.0,267,11.0,20,0.32726022688209006,0.383816120906801,0.01684427638363699,0.0037813681677552422,0
luquedo01,559,1043,96,237,5,90.0,7.0,70,114.0,20,0.22722914669223393,0.27583108715184185,0.004793863854266539,0.10930009587727708,0
luzingr01,1821,6505,880,1795,307,1128.0,37.0,845,1495.0,15,0.2759415833973866,0.35918367346938773,0.047194465795541894,0.22982321291314373,0
lynnfr01,1969,6925,1063,1960,306,1111.0,72.0,857,1116.0,17,0.28303249097472927,0.3619892058596762,0.044187725631768954,0.1611552346570397,0
lyonste01,705,1563,162,364,5,149.0,0.0,73,201.0,21,0.2328854766474728,0.2671149144254279,0.003198976327575176,0.12859884836852206,1
mackco01,724,2698,392,659,5,265.0,127.0,170,127.0,11,0.24425500370644923,0.2890516039051604,0.0018532246108228317,0.04707190511489993,0
mackebi99,1031,3540,584,1165,64,698.0,73.0,361,18.0,24,0.3290960451977401,0.39118174826967445,0.01807909604519774,0.005084745762711864,1
maddoga01,1749,6331,777,1802,117,754.0,248.0,323,781.0,15,0.2846311799083873,0.3193567778779681,0.018480492813141684,0.12336123835097142,0
maddugr01,759,1591,103,272,5,84.0,11.0,34,419.0,23,0.17096165933375235,0.18830769230769231,0.0031426775612822125,0.2633563796354494,1
madlobi01,1806,6594,920,2008,163,860.0,174.0,605,510.0,15,0.30451925993327267,0.36296707876093903,0.024719441916894146,0.07734303912647862,0
mageesh01,2087,7441,1112,2169,83,1176.0,441.0,736,624.0,16,0.29149307888724635,0.3552647670294729,0.011154414729203064,0.08385969627738207,0
malarda01,738,2570,457,686,7,281.0,126.0,351,23.0,17,0.2669260700389105,0.3550154056829853,0.002723735408560311,0.00894941634241245,0
mancugu01,1460,4505,386,1194,53,543.0,8.0,418,264.0,17,0.26503884572697,0.32744261629087956,0.011764705882352941,0.0586015538290788,0
mantlmi01,2401,8102,1677,2415,536,1509.0,153.0,1733,1710.0,18,0.2980745494939521,0.42175902389425524,0.06615650456677363,0.21105899777832635,1
manushe01,2008,7654,1287,2524,110,1183.0,114.0,506,345.0,17,0.3297622158348576,0.3713235294117647,0.01437157042069506,0.04507447086490724,1
maranra01,2670,10078,1255,2605,28,884.0,291.0,839,756.0,23,0.2584838261559833,0.3154712833195933,0.0027783290335384003,0.07501488390553682,1
marceol01,590,2152,383,657,16,303.0,62.0,228,8.0,12,0.30529739776951675,0.37184873949579833,0.007434944237918215,0.0037174721189591076,0
maricju01,475,1221,73,202,4,75.0,2.0,38,269.0,16,0.16543816543816545,0.19062748212867356,0.003276003276003276,0.2203112203112203,1
marioma01,1572,5506,602,1448,36,624.0,35.0,470,537.0,13,0.2629858336360334,0.32095046854083,0.006538321830730113,0.09752996730839085,0
marisro01,1463,5101,826,1325,275,851.0,21.0,652,733.0,12,0.2597529896098804,0.34364679297757694,0.053910997843560085,0.14369731425210744,0
marquru01,536,1107,63,198,1,64.0,6.0,33,208.0,18,0.17886178861788618,0.2026315789473684,0.0009033423667570009,0.1878952122854562,1
martibi02,1021,3419,425,877,64,333.0,34.0,188,355.0,11,0.25650775080432875,0.2952592181868589,0.01871892366188944,0.103831529687043,0
martied01,2055,7213,1219,2247,309,1261.0,49.0,1283,1202.0,18,0.31152086510467214,0.4154896421845574,0.04283931789823929,0.16664356023845833,1
martipe01,1189,4117,754,1227,59,501.0,146.0,369,438.0,13,0.29803254797182416,0.3557735176103433,0.014330823415108088,0.10638814670876852,0
martiru01,1693,5701,803,1416,191,771.0,101.0,792,1211.0,14,0.24837747763550255,0.3400585245649161,0.03350289422908262,0.21241887388177513,0
martiti02,2023,7111,1009,1925,339,1271.0,27.0,780,1069.0,16,0.2707073548024188,0.3427955899125586,0.0476726198846857,0.1503304739136549,0
martivi01,1973,7297,914,2153,246,1178.0,7.0,730,891.0,16,0.29505276140879816,0.3591628254640588,0.03371248458270522,0.12210497464711526,0
mathech01,647,1687,151,362,7,165.0,20.0,116,218.0,17,0.21458209839952577,0.2651136993899057,0.004149377593360996,0.12922347362181388,1
matheed01,2391,8537,1509,2315,512,1453.0,68.0,1444,1487.0,17,0.2711725430479091,0.3766155695822062,0.05997422982312288,0.17418296825582757,1
matsuhi01,1236,4442,656,1253,175,760.0,13.0,547,689.0,10,0.2820801440792436,0.3607937462417318,0.03939666816749212,0.15511031067086897,0
matthga01,2033,7147,1083,2011,234,978.0,183.0,940,1125.0,16,0.28137680145515603,0.3649066402868802,0.032741010214075834,0.15740870295228768,0
mattido01,1785,7003,1007,2153,222,1099.0,14.0,588,444.0,14,0.30743966871340855,0.36108549598208406,0.031700699700128517,0.06340139940025703,0
mauerjo01,1858,6930,1018,2123,143,923.0,52.0,939,1034.0,15,0.30634920634920637,0.3891218706315923,0.020634920634920634,0.1492063492063492,1
maxvida01,1423,3443,302,748,6,252.0,7.0,370,538.0,14,0.21725239616613418,0.2932074482035143,0.0017426662794074934,0.15625907638687192,0
maybejo01,1620,5447,733,1379,255,879.0,20.0,881,810.0,15,0.2531668808518451,0.35714285714285715,0.046814760418579036,0.14870570956489812,0
mayca01,1165,4120,545,1127,90,536.0,85.0,512,565.0,10,0.27354368932038836,0.3538428324697755,0.021844660194174758,0.13713592233009708,0
mayje01,556,1527,120,357,15,130.0,1.0,157,293.0,10,0.2337917485265226,0.30522565320665085,0.009823182711198428,0.19187950229207595,0
mayle01,2071,7609,959,2031,354,1244.0,39.0,487,1570.0,18,0.26692075174135893,0.31101778656126483,0.046523853331581023,0.2063346037587068,0
maysca01,502,1085,113,291,5,110.0,1.0,66,116.0,15,0.26820276497695855,0.31016507384882713,0.004608294930875576,0.10691244239631337,0
mayswi01,3005,10924,2068,3293,660,1909.0,339.0,1468,1526.0,23,0.30144635664591724,0.3841994835377663,0.0604174295129989,0.1396924203588429,1
mazerbi01,2163,7755,769,2016,138,853.0,27.0,447,706.0,17,0.25996131528046423,0.30029261155815656,0.017794970986460348,0.09103803997421019,1
mcaleji01,1021,3981,620,1008,11,469.0,262.0,365,329.0,13,0.2532027128862095,0.31592268752876207,0.00276312484300427,0.08264255212258227,0
mcauldi01,1763,6185,888,1530,197,697.0,63.0,882,974.0,16,0.24737267582861763,0.3413046554407811,0.03185125303152789,0.15747776879547293,0
mcbriba01,1071,3853,548,1153,63,430.0,183.0,248,457.0,11,0.29924733973527123,0.34162399414776884,0.016350895406177006,0.11860887620036335,0
mccanbr01,1755,6067,742,1590,282,1018.0,25.0,640,1054.0,15,0.2620735124443712,0.33248844490830476,0.04648096258447338,0.17372671831218064,0
mccarti01,1909,5529,590,1501,97,645.0,61.0,548,422.0,21,0.27147766323024053,0.3371729471778838,0.017543859649122806,0.07632483270030747,0
mccarto01,1273,5120,1066,1493,44,732.0,468.0,536,185.0,13,0.2916015625,0.3587340876944837,0.00859375,0.0361328125,1
mccorfr01,1534,5723,722,1711,128,951.0,27.0,399,189.0,13,0.29896907216494845,0.34465860829794187,0.022365892014677615,0.033024637427922415,0
mccorji01,534,2082,246,491,4,178.0,10.0,22,127.0,10,0.23583093179634967,0.2438212927756654,0.0019212295869356388,0.06099903938520653,0
mccovwi01,2588,8197,1229,2211,521,1555.0,26.0,1345,1550.0,22,0.26973282908381113,0.372668203730874,0.06355983896547518,0.18909357081859215,1
mcdougi01,1336,4676,697,1291,112,576.0,45.0,559,623.0,10,0.2760906757912746,0.3533906399235912,0.023952095808383235,0.13323353293413173,0
mcgeewi01,2201,7649,1010,2254,79,856.0,352.0,448,1238.0,18,0.29467904301215847,0.33370384092873906,0.01032814747025755,0.16185122238201072,0
mcginjo01,477,1297,109,251,0,90.0,26.0,34,158.0,10,0.19352351580570548,0.21412471825694968,0.0,0.1218195836545875,1
mcgrajo01,1100,3924,1024,1309,13,462.0,436.0,836,155.0,17,0.3335881753312946,0.45063025210084034,0.003312945973496432,0.039500509683995925,0
mcgrifr01,2460,8757,1349,2490,493,1550.0,72.0,1305,1882.0,19,0.2843439534087016,0.37716159809183064,0.056297818887746945,0.214913783259107,1
mcguide01,1781,6291,770,1750,45,840.0,118.0,515,442.0,26,0.27817517087903354,0.33279459300617104,0.00715307582260372,0.07025910030201876,0
mcgwima01,1874,6187,1167,1626,583,1414.0,12.0,1317,1596.0,16,0.2628091158881526,0.3921908315565032,0.09422983675448521,0.2579602392112494,0
mcinnst01,2128,7822,872,2405,20,1063.0,172.0,380,251.0,19,0.3074661211966249,0.33955132894415996,0.0025568908207619537,0.032088979800562516,0
mckecbi01,846,2843,319,713,8,240.0,127.0,190,204.0,11,0.2507914175167077,0.29772502472799206,0.0028139289482940555,0.07175518818149841,0
mcleala01,862,2647,183,694,6,298.0,20.0,136,127.0,13,0.26218360408009067,0.2982393100970176,0.0022667170381564035,0.04797884397431054,0
mcmanma01,1831,6660,1008,1926,120,999.0,126.0,675,558.0,15,0.2891891891891892,0.35460122699386504,0.018018018018018018,0.08378378378378379,0
mcmilro01,2093,6752,739,1639,68,594.0,41.0,665,711.0,16,0.24274289099526067,0.31063772414722934,0.010071090047393365,0.1053021327014218,0
mcmulke01,1583,5131,568,1273,156,606.0,20.0,510,815.0,16,0.24809978561683882,0.31607870944867933,0.030403430130578835,0.15883843305398557,0
mcphebi01,2138,8304,1684,2258,53,1072.0,568.0,982,377.0,18,0.2719171483622351,0.3489123411587336,0.006382466281310212,0.04539980732177264,1
mcraeha01,2084,7218,940,2091,191,1097.0,109.0,648,779.0,19,0.28969243557772234,0.34820747520976353,0.026461623718481573,0.10792463286228872,0
mcveyca01,530,2513,555,869,11,449.0,26.0,30,51.0,9,0.3458018304814962,0.35351946519858435,0.004377238360525269,0.020294468762435337,0
meadole01,498,1117,80,201,5,75.0,0.0,34,272.0,15,0.17994628469113697,0.20417028670721113,0.004476275738585497,0.24350940017905104,0
medwijo01,1984,7635,1198,2471,205,1383.0,42.0,437,551.0,17,0.3236411263916176,0.36025768087215065,0.026850032743942372,0.07216764898493779,1
meltobi01,1144,3971,496,1004,160,591.0,23.0,479,669.0,10,0.25283303953664066,0.33325842696629215,0.040292117854444726,0.16847141777889701,0
mendejo99,365,1037,138,237,6,107.0,41.0,122,2.0,14,0.22854387656702024,0.3097497842968076,0.0057859209257473485,0.0019286403085824494,1
menkede01,1598,5071,605,1270,101,606.0,34.0,698,853.0,13,0.2504436994675606,0.3411336453458138,0.01991717609938868,0.16821139814632222,0
meusebo01,1407,5475,826,1693,156,1068.0,142.0,375,619.0,11,0.3092237442922374,0.3535042735042735,0.028493150684931506,0.11305936073059361,0
meuseir01,1289,4900,701,1521,106,819.0,113.0,269,199.0,11,0.3104081632653061,0.3462952215128652,0.02163265306122449,0.040612244897959185,0
miksied01,1042,3053,383,722,44,228.0,52.0,215,313.0,14,0.23648869963969865,0.28671970624235005,0.014412053717654767,0.10252210940058959,0
milancl01,1982,7359,1004,2100,17,617.0,495.0,685,407.0,16,0.28536485935589073,0.3462207856787668,0.002310096480500068,0.05530642750373692,0
millafe01,1480,5791,699,1617,22,403.0,67.0,318,242.0,12,0.279226385771024,0.3167457849075135,0.003798998445864272,0.04178898290450699,0
millebi02,1820,6212,946,1934,116,992.0,127.0,383,340.0,16,0.31133290405666453,0.3513267626990144,0.018673535093367676,0.054732775273663874,0
milledo02,1589,5805,711,1526,32,715.0,177.0,391,503.0,12,0.2628768303186908,0.3093931568754035,0.005512489233419466,0.08664944013781223,0
milleha01,349,1200,164,387,38,205.0,10.0,64,103.0,6,0.3225,0.35680379746835444,0.03166666666666667,0.08583333333333333,0
milleno01,540,1364,166,325,24,159.0,16.0,160,265.0,10,0.23826979472140764,0.318241469816273,0.017595307917888565,0.1942815249266862,0
milnejo01,1215,3436,455,855,131,498.0,31.0,504,473.0,12,0.2488358556461001,0.3449238578680203,0.03812572759022119,0.13766006984866122,0
minosmi01,1948,7059,1228,2113,195,1089.0,216.0,848,585.0,20,0.2993341833120839,0.37447831035791074,0.027624309392265192,0.08287292817679558,1
mitchke01,1223,4134,630,1173,234,760.0,30.0,491,719.0,13,0.28374455732946297,0.3597837837837838,0.05660377358490566,0.17392356071601356,0
mizejo01,1884,6443,1118,2011,359,1337.0,28.0,856,524.0,15,0.3121216824460655,0.39279353336073436,0.05571938537948161,0.08132857364581716,1
molitpa01,2683,10835,1782,3319,234,1307.0,504.0,1094,1244.0,21,0.3063221042916474,0.3699388045938469,0.021596677434240884,0.11481310567604984,1
mondari01,1986,6136,950,1619,241,775.0,98.0,924,1513.0,19,0.26385267275097785,0.36019830028328614,0.039276401564537156,0.24657757496740548,0
mondera01,1525,5814,909,1589,271,860.0,229.0,475,1130.0,13,0.2733058135534916,0.3281920814119892,0.04661162710698315,0.19435844513243894,0
moneydo01,1720,6215,798,1623,176,729.0,80.0,600,866.0,16,0.26114239742558326,0.32619222303741746,0.02831858407079646,0.13934030571198713,0
montawi01,1632,5843,645,1604,139,802.0,32.0,465,751.0,14,0.2745165154886189,0.327996195307546,0.02378914940954989,0.12852986479548179,0
moonwa01,1457,4843,737,1399,142,661.0,89.0,644,591.0,12,0.288870534792484,0.3723346090759978,0.02932066900681396,0.12203179847202147,0
mooredo02,447,1799,365,628,33,379.0,66.0,112,5.0,7,0.349082823790995,0.3872318158032444,0.018343524180100056,0.0027793218454697055,0
moorejo02,1335,5427,809,1615,79,513.0,46.0,348,247.0,12,0.2975861433572876,0.3399134199134199,0.014556845402616547,0.0455131748664087,0
moorete01,1298,4700,719,1318,80,513.0,82.0,406,368.0,11,0.2804255319148936,0.3376419898159029,0.01702127659574468,0.07829787234042553,0
moraljo01,733,1305,126,375,26,207.0,0.0,89,182.0,12,0.28735632183908044,0.3328550932568149,0.01992337164750958,0.13946360153256704,0
morame01,1556,5422,794,1503,171,754.0,93.0,520,953.0,13,0.27720398376982663,0.34045775833052844,0.031538177794171895,0.17576540022132053,0
moranpa01,818,2634,198,618,18,262.0,55.0,142,327.0,14,0.23462414578587698,0.2737752161383285,0.00683371298405467,0.12414578587699317,0
morgajo02,2649,9277,1650,2517,268,1133.0,689.0,1865,1015.0,22,0.2713161582408106,0.39328666307664695,0.02888864934784952,0.10941036973159426,1
morneju01,1545,5699,772,1603,247,985.0,5.0,573,988.0,14,0.2812774170907177,0.3469387755102041,0.043340937006492365,0.17336374802596946,0
morriha02,1246,3998,535,1216,76,513.0,45.0,356,548.0,13,0.304152076038019,0.36104731281580155,0.01900950475237619,0.13706853426713356,0
moseswa01,2012,7356,1124,2138,89,679.0,174.0,821,457.0,17,0.29064709081022294,0.361868655986303,0.012098966829798804,0.06212615551930397,0
mostijo01,972,3507,618,1054,23,376.0,176.0,415,336.0,10,0.3005417735956658,0.37455379908210096,0.006558311947533505,0.09580838323353294,0
motama01,1536,3779,496,1149,31,438.0,50.0,289,320.0,20,0.30404869012966396,0.3534906588003933,0.008203228367292934,0.0846784863720561,0
mowremi01,1276,4291,485,1099,7,461.0,167.0,469,366.0,13,0.2561174551386623,0.32941176470588235,0.0016313213703099511,0.08529480307620602,0
muellbi02,1216,4223,663,1229,85,493.0,20.0,543,571.0,11,0.29102533743784037,0.3718002517834662,0.020127871181624436,0.13521193464361828,0
mullato01,784,2720,407,661,8,223.0,112.0,221,159.0,13,0.24301470588235294,0.2998979938796328,0.0029411764705882353,0.05845588235294118,0
mullige01,614,1531,163,401,3,139.0,18.0,122,226.0,14,0.26192031352057477,0.3163944343617665,0.001959503592423253,0.14761593729588504,0
munsoth01,1423,5344,696,1558,113,701.0,48.0,438,571.0,11,0.29154191616766467,0.3452092701487375,0.021145209580838323,0.10684880239520958,0
murcebo01,1908,6730,972,1862,252,1043.0,127.0,862,841.0,17,0.27667161961367015,0.3587987355110643,0.037444279346210994,0.124962852897474,0
murphda02,1496,5399,705,1563,44,702.0,193.0,335,327.0,16,0.28949805519540656,0.3310080223229857,0.008149657343952585,0.060566771624374884,0
murphda05,2180,7960,1197,2111,398,1266.0,161.0,986,1748.0,18,0.2652010050251256,0.34618824055443775,0.05,0.21959798994974875,0
murraed02,3026,11336,1627,3255,504,1917.0,110.0,1333,1516.0,21,0.28713832039520115,0.3621438156129134,0.04446012702893437,0.1337332392378264,1
murrare01,1264,4334,555,1170,37,579.0,321.0,299,381.0,11,0.2699584679280111,0.3170731707317073,0.00853714813105676,0.08790955237655745,0
murreiv01,564,1306,126,308,33,123.0,20.0,44,342.0,10,0.23583460949464014,0.2607407407407407,0.02526799387442573,0.26186830015313933,0
musiast01,3026,10972,1949,3630,475,1951.0,78.0,1599,696.0,22,0.3308421436383522,0.41595736218280166,0.04329201604083121,0.06343419613561793,1
myerbu01,1923,7038,1174,2131,38,850.0,156.0,965,428.0,17,0.3027848820687695,0.3868549294014744,0.005399261153736857,0.06081273088945723,0
napolmi01,1392,4572,697,1125,267,744.0,39.0,650,1468.0,12,0.24606299212598426,0.3399080811949445,0.0583989501312336,0.321084864391951,0
nettlgr01,2700,8986,1193,2225,390,1314.0,32.0,1088,1209.0,22,0.2476073892722012,0.3288663887234465,0.04340084576007122,0.1345426218562208,0
nevinph01,1217,4188,584,1131,208,743.0,18.0,449,1019.0,12,0.2700573065902579,0.34073754582704335,0.049665711556829036,0.2433142311365807,0
newsobo01,609,1337,86,253,1,102.0,1.0,17,266.0,20,0.18922961854899029,0.19940915805022155,0.0007479431563201197,0.19895287958115182,0
nichobi01,1677,5546,837,1484,235,948.0,27.0,800,828.0,16,0.26758023800937614,0.35991175543649545,0.0423728813559322,0.14929679047962496,0
nichoki01,650,2090,273,472,16,278.0,19.0,137,343.0,15,0.22583732057416267,0.27346205657835654,0.007655502392344498,0.16411483253588516,1
niekrph01,866,1537,80,260,7,109.0,0.0,17,314.0,24,0.16916070266753416,0.17824967824967825,0.004554326610279766,0.20429407937540664,1
nixonot01,1709,5115,878,1379,11,318.0,620.0,585,694.0,17,0.26959921798631475,0.34456140350877196,0.002150537634408602,0.1356793743890518,0
northji01,1392,4692,603,1254,153,610.0,39.0,449,635.0,12,0.2672634271099744,0.33125851001750634,0.03260869565217391,0.13533674339300938,0
northro01,1084,3172,385,874,108,513.0,7.0,361,297.0,12,0.2755359394703657,0.3495612793659779,0.034047919293820936,0.09363177805800757,0
odoulle01,970,3264,624,1140,113,542.0,36.0,333,122.0,11,0.3492647058823529,0.40950792326939117,0.03462009803921569,0.037377450980392156,0
ofarrbo01,1492,4101,517,1120,51,549.0,35.0,547,408.0,21,0.2731041209461107,0.3586488812392427,0.012435991221653255,0.09948792977322604,0
oglivbe01,1754,5913,784,1615,235,901.0,87.0,560,852.0,16,0.2731270082868256,0.33601112312683457,0.03974293928631828,0.14408929477422627,0
olearch01,955,3232,317,731,3,220.0,74.0,164,247.0,11,0.22617574257425743,0.26354534746760894,0.0009282178217821782,0.07642326732673267,0
olerujo01,2234,7592,1139,2239,255,1230.0,11.0,1275,1016.0,17,0.2949157007376185,0.3963008909439495,0.03358798735511064,0.13382507903055849,0
olivato01,1676,6301,870,1917,220,947.0,86.0,448,645.0,15,0.30423742263132836,0.3504222847829308,0.034915092842405966,0.10236470401523567,1
oliveal01,2368,9049,1189,2743,219,1326.0,84.0,535,756.0,18,0.3031274173941872,0.34202838063439067,0.024201569234169523,0.08354514310973589,0
omsal01,328,1244,251,415,35,258.0,38.0,145,6.0,10,0.33360128617363344,0.4031677465802736,0.028135048231511254,0.00482315112540193,0
oneilbu01,396,1434,227,368,12,184.0,57.0,127,0.0,10,0.25662482566248257,0.3171044202434337,0.008368200836820083,0.0,0
oneilpa01,2053,7318,1041,2105,281,1269.0,141.0,892,1166.0,17,0.2876468980595791,0.36504263093788064,0.038398469527193224,0.15933315113418967,0
oneilst01,1590,4795,448,1259,13,537.0,30.0,592,414.0,17,0.26256517205422314,0.34360497493966957,0.002711157455683003,0.08633993743482794,0
oneilti01,1052,4248,879,1385,52,757.0,161.0,420,194.0,10,0.3260357815442561,0.386675235646958,0.01224105461393597,0.04566854990583804,0
ordonma01,1848,6978,1076,2156,294,1236.0,94.0,651,852.0,15,0.30897105187732876,0.3679381308166208,0.04213241616509028,0.12209802235597593,0
orourji01,1999,8503,1729,2639,62,1208.0,229.0,513,362.0,23,0.31036104904151474,0.34960070984915703,0.007291544160884394,0.0425732094554863,1
ortizda01,2408,8640,1419,2472,541,1768.0,17.0,1319,1750.0,20,0.2861111111111111,0.3806607089065167,0.06261574074074074,0.2025462962962963,1
osteecl01,588,1099,90,207,8,76.0,2.0,40,291.0,18,0.18835304822565968,0.21685689201053557,0.007279344858962694,0.26478616924476794,0
otisam01,1998,7299,1092,2020,193,1007.0,341.0,757,1008.0,17,0.2767502397588711,0.34471201588877853,0.02644197835319907,0.1381011097410604,0
ottme01,2730,9456,1859,2876,511,1860.0,89.0,1708,896.0,22,0.30414551607445006,0.41060551773557863,0.054039763113367174,0.09475465313028765,1
pafkoan01,1852,6292,844,1796,213,976.0,38.0,561,477.0,17,0.28544183089637637,0.34393696191449,0.0338525111252384,0.07581055308328036,0
paganjo01,1326,3689,387,922,52,372.0,46.0,244,510.0,15,0.2499322309568989,0.296465802186626,0.014095960965031174,0.1382488479262673,0
pagete01,296,1090,213,312,7,122.0,23.0,117,5.0,8,0.28623853211009176,0.35542667771333886,0.006422018348623854,0.0045871559633027525,0
palmera01,2831,10472,1663,3020,569,1835.0,97.0,1353,1348.0,20,0.28838808250572956,0.36980972515856236,0.0543353705118411,0.12872421695951108,0
pappami01,527,1073,72,132,20,67.0,1.0,36,510.0,17,0.12301957129543337,0.151487826871055,0.01863932898415657,0.47530288909599255,0
parkeda01,2466,9358,1272,2712,339,1493.0,154.0,683,1537.0,19,0.2898055139987177,0.33811373369186337,0.03622568924983971,0.16424449668732635,1
parnero01,604,2231,461,736,41,373.0,57.0,213,12.0,13,0.32989690721649484,0.3882978723404255,0.018377409233527566,0.005378753922008068,0
parrila01,1891,6792,850,1789,256,992.0,30.0,529,1359.0,15,0.26339811542991753,0.3166234121021718,0.03769140164899882,0.20008833922261485,0
parrila02,1988,7067,856,1782,324,1070.0,28.0,612,1527.0,19,0.25215791707938306,0.31175934366453967,0.04584689401443328,0.2160747134569124,0
paskedo01,1716,6017,868,1613,42,577.0,293.0,715,784.0,15,0.2680737909257105,0.34581105169340465,0.006980222702343361,0.13029749044374273,0
peckiro01,2012,7233,1006,1876,48,740.0,205.0,814,670.0,17,0.2593667910963639,0.3342860693426122,0.006636250518457071,0.09263099682012996,0
pedrodu01,1512,6031,922,1805,140,725.0,138.0,624,654.0,14,0.29928701707842814,0.36498873027798645,0.02321339744652628,0.10843972807162991,0
peitzhe01,1235,4124,532,1117,16,560.0,91.0,410,261.0,16,0.27085354025218233,0.3367887075430084,0.0038797284190106693,0.06328806983511154,0
penaca01,1493,4949,745,1146,286,818.0,29.0,817,1577.0,14,0.2315619317033744,0.3404439819632327,0.05778945241462922,0.3186502323701758,0
penato01,1988,6489,667,1687,107,708.0,80.0,455,846.0,18,0.2599784250269687,0.3084677419354839,0.016489443673909695,0.130374479889043,0
pendlte01,1893,7032,851,1897,140,946.0,127.0,486,979.0,15,0.26976678043230945,0.3169725990955041,0.019908987485779295,0.13922070534698522,0
pennohe01,620,1214,108,232,4,103.0,1.0,94,178.0,22,0.19110378912685339,0.2492354740061162,0.0032948929159802307,0.14662273476112025,1
pepitjo01,1397,5097,606,1315,219,721.0,41.0,302,526.0,12,0.25799489896017264,0.29949990739025745,0.0429664508534432,0.10319795958406906,0
peraljh01,1798,6599,841,1761,202,873.0,17.0,606,1450.0,15,0.2668586149416578,0.3285218598195697,0.03061069859069556,0.21973026216093347,0
perezto01,2777,9778,1272,2732,379,1652.0,49.0,925,1867.0,23,0.27940274084679895,0.341679902830982,0.038760482716301906,0.19093884229903865,1
perkicy01,1171,3604,329,933,30,409.0,18.0,301,221.0,17,0.2588790233074362,0.31600512163892447,0.008324084350721421,0.06132075471698113,0
perryga01,787,1076,48,141,6,47.0,0.0,22,369.0,22,0.13104089219330856,0.14845173041894352,0.0055762081784386614,0.3429368029739777,1
peskyjo01,1270,4745,867,1455,17,404.0,53.0,662,218.0,10,0.3066385669125395,0.39152949879785465,0.003582718651211802,0.04594309799789252,0
petrori01,1553,5390,653,1352,210,773.0,10.0,661,926.0,13,0.250834879406308,0.3326722855726326,0.03896103896103896,0.1717996289424861,0
pfefffr01,1671,6560,1096,1680,94,1021.0,383.0,527,503.0,16,0.25609756097560976,0.3114152673909976,0.014329268292682927,0.07667682926829268,0
phillbr01,1902,7378,1005,2029,211,951.0,209.0,420,1092.0,17,0.27500677690431014,0.3140548858681713,0.028598536188669015,0.14800759013282733,0
phillto02,2161,7617,1300,2023,160,819.0,177.0,1319,1499.0,18,0.26559012734672444,0.37399283795881827,0.02100564526716555,0.19679663909675726,0
piazzmi01,1912,6911,1048,2127,427,1335.0,17.0,759,1113.0,16,0.3077702213861959,0.376271186440678,0.0617855592533642,0.1610476052669657,1
piercbi02,616,1102,94,203,0,69.0,1.0,65,232.0,18,0.18421052631578946,0.22964867180805484,0.0,0.21052631578947367,0
pierrju01,1994,7525,1075,2217,18,517.0,614.0,464,479.0,14,0.29461794019933557,0.33558643134309674,0.0023920265780730896,0.06365448504983388,0
pierzaj01,2059,7290,807,2043,188,909.0,15.0,308,895.0,19,0.2802469135802469,0.30942353250855487,0.025788751714677642,0.12277091906721536,0
pikeli01,425,1979,434,638,21,332.0,50.0,51,57.0,10,0.32238504295098536,0.3394088669950739,0.010611419909044972,0.028802425467407782,0
pinielo01,1747,5867,651,1705,102,766.0,32.0,368,541.0,18,0.29060848815408213,0.3324779470729751,0.017385375830918696,0.09221066984830407,0
pinsova01,2469,9645,1365,2757,256,1169.0,305.0,574,1196.0,18,0.28584758942457233,0.3259614443683335,0.02654224987039917,0.12400207361327112,0
pippwa01,1872,6914,974,1941,90,998.0,125.0,596,551.0,15,0.28073474110500435,0.3378162450066578,0.013017066820943014,0.0796933757593289,0
planked01,630,1607,130,331,3,122.0,13.0,71,265.0,17,0.2059738643434972,0.2395709177592372,0.001866832607342875,0.16490354698195395,1
polanpl01,1927,7214,1009,2142,104,723.0,81.0,429,538.0,16,0.2969226504019961,0.336386235771294,0.014416412531189355,0.07457721097865262,0
polessp01,262,1032,205,321,3,98.0,66.0,111,0.0,14,0.311046511627907,0.3779527559055118,0.0029069767441860465,0.0,0
porteda02,1782,5539,765,1369,188,826.0,39.0,905,1025.0,17,0.24715652644881747,0.35288640595903165,0.0339411446109406,0.18505145333092615,0
posadjo01,1829,6092,900,1664,275,1065.0,20.0,936,1453.0,17,0.273145108338805,0.3699487763232783,0.04514116874589626,0.23850952068286277,0
powelbo01,2042,6681,889,1776,339,1187.0,20.0,1001,1226.0,17,0.265828468792097,0.3614944024993491,0.05074090704984284,0.18350546325400388,0
powelja01,585,1610,133,309,8,124.0,3.0,87,299.0,16,0.1919254658385093,0.23335297583971715,0.004968944099378882,0.18571428571428572,0
powervi01,1627,6046,765,1716,126,658.0,45.0,279,247.0,12,0.2838240158782666,0.31541501976284586,0.020840224942110488,0.04085345683096262,0
puckeki01,1783,7244,1071,2304,207,1085.0,134.0,450,965.0,12,0.3180563224737714,0.35794125292435663,0.028575372722252898,0.13321369409166206,1
puhlte01,1531,4855,676,1361,62,435.0,217.0,505,507.0,15,0.2803295571575695,0.34813432835820896,0.012770339855818744,0.10442842430484037,0
quinnja01,771,1349,90,248,8,113.0,5.0,89,335.0,23,0.18383988139362492,0.23435326842837273,0.005930318754633061,0.24833209785025945,0
radboch01,653,2487,308,585,9,259.0,26.0,158,244.0,12,0.23522316043425814,0.28090737240075614,0.0036188178528347406,0.09811017289907518,1
raderdo02,1465,5186,631,1302,155,722.0,37.0,528,1055.0,11,0.2510605476282298,0.320266013300665,0.029888160431932126,0.2034323177786348,0
raineti01,2502,8872,1571,2605,170,980.0,808.0,1330,966.0,23,0.2936203787195672,0.38570868457165264,0.01916140667267809,0.10888187556357079,1
ramirar01,2194,8136,1098,2303,386,1417.0,29.0,633,1238.0,18,0.283062930186824,0.33481582848671454,0.04744346116027532,0.15216322517207473,0
ramirha01,1668,6349,1049,1834,271,917.0,281.0,660,1234.0,15,0.288864388092613,0.3558282208588957,0.04268388722633486,0.19436131674279414,0
ramirma02,2302,8244,1544,2574,555,1831.0,38.0,1329,1813.0,19,0.31222707423580787,0.4077091820745848,0.0673216885007278,0.21991751576904414,0
randowi01,2202,8018,1239,2210,54,687.0,271.0,1243,675.0,18,0.27562983287602894,0.3728539034661484,0.006734846595160888,0.0841855824395111,0
rayjo01,1353,5188,604,1502,53,594.0,80.0,353,329.0,10,0.28951426368542793,0.33477711604403537,0.010215882806476484,0.06341557440246723,0
reesepe01,2166,8058,1338,2170,126,885.0,232.0,1210,890.0,16,0.2692975924547034,0.3646957272334916,0.01563663440059568,0.11044924298833457,1
reeseri01,866,2020,248,512,52,245.0,16.0,158,270.0,10,0.25346534653465347,0.3076216712580349,0.02574257425742574,0.13366336633663367,0
reichri01,997,3307,391,864,116,445.0,40.0,263,672.0,11,0.26126398548533414,0.3156862745098039,0.035077109162382825,0.20320532204414876,0
reisepe01,861,2662,473,786,58,368.0,87.0,343,369.0,10,0.29526671675432004,0.3757071547420965,0.021788129226145755,0.1386175807663411,0
remseja01,578,2353,366,573,9,201.0,14.0,71,131.0,10,0.24351891202719933,0.26567656765676567,0.003824904377390565,0.055673608159796,0
remyje01,1154,4455,605,1226,7,329.0,208.0,356,404.0,10,0.27519640852974186,0.32882976512159634,0.0015712682379349046,0.09068462401795735,0
renteed01,2152,8142,1200,2327,140,923.0,294.0,718,1182.0,16,0.2858020142471137,0.34367945823927765,0.01719479243429133,0.1451731761238025,0
reuscri01,579,1115,82,187,4,79.0,3.0,46,317.0,19,0.16771300448430493,0.20068906115417742,0.003587443946188341,0.284304932735426,0
reussje01,631,1024,71,171,1,58.0,1.0,69,433.0,22,0.1669921875,0.21957913998170173,0.0009765625,0.4228515625,0
reyesjo01,1877,7552,1180,2138,145,719.0,517.0,589,914.0,16,0.283103813559322,0.33497113376735044,0.01920021186440678,0.12102754237288135,0
ricede01,1309,3826,342,908,79,441.0,2.0,382,522.0,17,0.23732357553580763,0.30655893536121676,0.020648196549921588,0.13643491897543125,0
riceji01,2089,8225,1249,2452,382,1451.0,58.0,670,1423.0,16,0.29811550151975685,0.35098369870713886,0.04644376899696049,0.17300911854103343,1
ricesa01,2404,9269,1514,2987,34,1078.0,351.0,708,275.0,20,0.32225698565109506,0.37035180916107047,0.003668141115546445,0.029668788434566835,1
richabo01,1412,5386,643,1432,34,390.0,73.0,262,243.0,12,0.26587448941700703,0.29992917847025496,0.0063126624582250275,0.04511696992202005,0
richaha01,1334,5657,1127,1694,73,828.0,207.0,377,446.0,14,0.29945200636379704,0.343221743453762,0.012904366271875552,0.07884037475693831,0
richmle01,251,1018,169,262,3,113.0,0.0,46,73.0,6,0.25736738703339884,0.2894736842105263,0.0029469548133595285,0.07170923379174853,0
ripkeca01,3001,11551,1647,3184,431,1695.0,36.0,1129,1305.0,21,0.2756471301186045,0.34014195583596213,0.03731278677170808,0.11297723140853606,1
ritchcl01,1672,5923,709,1619,18,675.0,155.0,607,290.0,13,0.27334121222353536,0.34088820826952526,0.0030390005065000845,0.04896167482694581,0
rivermi01,1468,5629,785,1660,61,499.0,267.0,266,471.0,15,0.2949014034464381,0.3267175572519084,0.010836738319417304,0.08367383194173032,0
rixeyep01,694,1522,95,291,3,111.0,2.0,49,220.0,21,0.1911957950065703,0.21642266072565244,0.0019710906701708277,0.1445466491458607,1
rizzuph01,1661,5816,877,1588,38,563.0,149.0,651,398.0,13,0.2730398899587345,0.3462192670480903,0.006533700137551582,0.06843191196698763,1
roberbr01,1418,5531,850,1527,97,542.0,285.0,609,844.0,14,0.2760802748146809,0.3478827361563518,0.017537515819924063,0.15259446754655578,0
roberda01,804,2830,366,812,47,364.0,94.0,113,262.0,9,0.28692579505300353,0.3143051308188923,0.016607773851590107,0.09257950530035336,0
roberro01,688,1525,107,255,5,103.0,3.0,135,372.0,19,0.16721311475409836,0.23493975903614459,0.003278688524590164,0.2439344262295082,1
robinbi02,1472,4364,536,1127,166,641.0,71.0,263,820.0,16,0.2582493125572869,0.30041063323968015,0.038038496791934,0.18790100824931255,0
robinbr01,2896,10654,1232,2848,268,1357.0,28.0,860,990.0,23,0.267317439459358,0.32204273058884836,0.025154871409799138,0.09292284587948188,1
robinfr02,2808,10006,1829,2943,586,1812.0,204.0,1420,1532.0,21,0.29412352588446933,0.38184841589357604,0.05856486108334999,0.15310813511892865,1
robinja02,1418,5006,974,1568,141,764.0,203.0,756,291.0,11,0.3132241310427487,0.403332176327664,0.028166200559328804,0.05813024370755094,1
robinwi01,1371,5075,637,1388,18,722.0,196.0,286,323.0,17,0.2734975369458128,0.31225517627308336,0.0035467980295566504,0.06364532019704433,0
rodrial01,2784,10566,2021,3115,696,2086.0,329.0,1338,2287.0,22,0.2948135529055461,0.37407594086021506,0.06587166382737081,0.21644898731781184,0
rodriiv01,2543,9592,1354,2844,311,1332.0,127.0,513,1474.0,21,0.2964970809007506,0.3322117763483424,0.03242285237698082,0.1536697247706422,1
roganbu99,697,2099,416,693,50,426.0,112.0,241,12.0,17,0.3301572177227251,0.39914529914529917,0.023820867079561697,0.005717008099094807,1
rojasco01,1822,6309,713,1660,54,593.0,74.0,396,489.0,16,0.2631161832303059,0.30663683818046233,0.008559201141226819,0.07750832144555397,0
rolensc01,2038,7398,1211,2077,316,1287.0,118.0,899,1410.0,17,0.2807515544741822,0.35868386163673616,0.04271424709380914,0.19059205190592052,1
rolfere01,1175,4827,942,1394,69,497.0,44.0,526,335.0,10,0.2887922104827015,0.3586773771716794,0.014294592914853946,0.0694012844416822,0
rolliji01,2275,9294,1421,2455,231,936.0,470.0,813,1264.0,17,0.26414891327738327,0.3233402592262788,0.02485474499677211,0.136001721540779,0
rootch01,632,1086,86,196,11,93.0,1.0,44,329.0,17,0.18047882136279927,0.21238938053097345,0.010128913443830571,0.3029465930018416,0
rosenal01,1044,3725,603,1063,192,717.0,39.0,587,385.0,10,0.2853691275167785,0.3826530612244898,0.051543624161073824,0.10335570469798658,0
rosepe01,3562,14053,2165,4256,160,1314.0,198.0,1566,1143.0,24,0.3028534832420124,0.3727511364363916,0.011385469294812496,0.08133494627481677,0
roushed01,1967,7363,1099,2376,68,981.0,268.0,484,260.0,18,0.32269455385033274,0.3644704982795973,0.009235366019285617,0.03531169360315089,1
rudijo01,1547,5556,684,1468,179,810.0,25.0,369,870.0,16,0.26421886249100074,0.310042194092827,0.0322174226061915,0.15658747300215983,0
ruelmu01,1468,4514,494,1242,4,534.0,61.0,606,238.0,19,0.2751439964554719,0.3609375,0.0008861320336730173,0.052724856003544526,0
ruffire01,882,1937,207,521,36,273.0,1.0,97,266.0,22,0.26897263810015487,0.30383480825958703,0.01858544140423335,0.1373257614868353,1
runnepe01,1799,6373,876,1854,49,630.0,37.0,844,627.0,14,0.2909147967989958,0.37383954551752807,0.00768868664679115,0.09838380668445003,0
rusieam01,487,1730,209,429,8,176.0,25.0,27,186.0,10,0.24797687861271675,0.2595332953898691,0.004624277456647399,0.10751445086705202,1
russebi01,2181,7318,796,1926,46,627.0,167.0,483,667.0,18,0.2631866630226838,0.3088065632611204,0.006285870456408855,0.0911451216179284,0
ruthba01,2503,8398,2174,2873,714,2217.0,123.0,2062,1330.0,22,0.34210526315789475,0.47179732313575523,0.08502024291497975,0.1583710407239819,1
ryanji01,2014,8172,1643,2513,118,1093.0,419.0,804,491.0,18,0.30751346059716106,0.36954099821746883,0.01443954968184043,0.06008321096426823,0
ryanmi02,636,1920,146,370,28,161.0,4.0,152,370.0,11,0.19270833333333334,0.2519305019305019,0.014583333333333334,0.19270833333333334,0
salmoti01,1672,5934,986,1674,299,1016.0,48.0,970,1360.0,14,0.282103134479272,0.38296639629200463,0.050387596899224806,0.22918773171553758,0
samueju01,1720,6081,873,1578,161,703.0,396.0,440,1442.0,16,0.25949679329057723,0.30946173899708634,0.026475908567669793,0.23713205064956422,0
sanchfr01,904,3402,434,1012,48,371.0,13.0,180,420.0,10,0.29747207524985303,0.3327749860413177,0.014109347442680775,0.12345679012345678,0
sandbry01,2164,8385,1318,2386,282,1061.0,344.0,761,1260.0,16,0.2845557543231962,0.3440848458342445,0.03363148479427549,0.15026833631484796,1
sandere02,1777,6241,1037,1666,305,983.0,304.0,674,1614.0,17,0.2669443999359077,0.3383947939262473,0.04887037333760615,0.2586124018586765,0
sanguma01,1448,5062,566,1500,65,585.0,35.0,223,331.0,13,0.2963255630185697,0.32601702932828763,0.012840774397471355,0.06538917423943105,0
santibe01,1978,6951,755,1830,217,920.0,91.0,430,1270.0,20,0.2632714717306862,0.3061915729575938,0.03121852970795569,0.1827075240972522,0
santolo99,416,1448,251,493,24,313.0,47.0,127,1.0,17,0.3404696132596685,0.39365079365079364,0.016574585635359115,0.0006906077348066298,1
santoro01,2243,8143,1138,2254,342,1331.0,35.0,1108,1343.0,15,0.2768021613655901,0.3634201707923468,0.04199926317082157,0.1649269311064718,1
sauerha01,1399,4796,709,1278,288,876.0,11.0,561,714.0,15,0.2664720600500417,0.34328915437745006,0.060050041701417846,0.14887406171809842,0
saxst01,1769,6940,913,1949,54,550.0,444.0,556,584.0,14,0.280835734870317,0.33417822838847383,0.0077809798270893375,0.08414985590778098,0
scalege01,853,2791,583,918,76,629.0,62.0,464,29.0,25,0.32891436761017556,0.42457757296466975,0.02723038337513436,0.010390541024722321,0
schaapa01,1128,3555,436,869,57,323.0,43.0,516,466.0,11,0.24444444444444444,0.34021125030704985,0.016033755274261603,0.1310829817158931,0
schaege01,1150,3784,496,972,9,309.0,201.0,333,499.0,15,0.2568710359408034,0.31697838231722125,0.0023784355179704017,0.13187103594080338,0
schalra01,1762,5306,579,1345,11,594.0,177.0,638,358.0,18,0.2534866189219751,0.3336137281292059,0.0020731247644176403,0.06747078778741047,1
schanwa01,1842,5307,769,1506,59,710.0,121.0,849,573.0,19,0.283776144714528,0.38255360623781676,0.011117392123610325,0.10797060486150367,0
schmimi01,2404,8352,1506,2234,548,1595.0,174.0,1507,1883.0,18,0.2674808429118774,0.3794502485039051,0.06561302681992337,0.22545498084291188,1
schoere01,2216,8479,1223,2449,84,773.0,89.0,606,346.0,19,0.2888312300978889,0.33626857457347276,0.009906828635452294,0.040806698903172546,1
schreos01,895,3057,304,829,9,338.0,52.0,102,146.0,11,0.27118089630356557,0.29471351693573916,0.002944062806673209,0.04775924108603206,0
schulfr01,1806,6533,906,1766,92,792.0,233.0,545,757.0,15,0.2703199142813409,0.32650466233399267,0.014082351140364305,0.11587325883973672,0
scottev01,1654,5837,552,1455,20,551.0,69.0,243,282.0,13,0.249271886242933,0.2792763157894737,0.0034264176803152305,0.04831248929244475,0
scottge02,2034,7433,957,1992,271,1051.0,69.0,699,1418.0,14,0.2679940804520382,0.3309149040826365,0.03645903403740078,0.19077088658684246,0
scottto01,991,2803,331,699,17,253.0,125.0,186,464.0,11,0.24937566892615054,0.2960856473737036,0.006064930431680342,0.16553692472351053,0
seaveto01,677,1315,99,202,12,86.0,4.0,108,485.0,20,0.15361216730038021,0.21784961349262122,0.009125475285171103,0.3688212927756654,1
seguida01,1456,4847,683,1412,139,684.0,17.0,524,687.0,15,0.2913142149783371,0.36045429156581643,0.028677532494326387,0.14173715700433256,0
selkige01,846,2790,503,810,108,576.0,49.0,486,319.0,9,0.2903225806451613,0.3956043956043956,0.03870967741935484,0.11433691756272402,0
severha01,1390,4312,408,1245,17,539.0,35.0,331,169.0,15,0.2887291280148423,0.33943570967047165,0.003942486085343228,0.039192949907235625,0
seweljo01,1903,7132,1141,2226,49,1055.0,74.0,842,114.0,14,0.3121144139091419,0.3847504389265112,0.006870443073471677,0.01598429613011778,1
sewellu01,1630,5383,653,1393,20,696.0,65.0,486,307.0,20,0.258777633289987,0.32015675583574715,0.00371540033438603,0.05703139513282556,0
sexsori01,1367,4928,748,1286,306,943.0,14.0,588,1313.0,12,0.2609577922077922,0.3397389412617839,0.06209415584415585,0.2664366883116883,0
seymocy01,1529,5686,737,1724,52,799.0,222.0,354,361.0,16,0.3032008441786845,0.3440397350993378,0.009145269081955681,0.06348927189588463,0
shawkbo01,488,1049,90,225,3,94.0,0.0,34,181.0,15,0.21448999046711154,0.23915050784856878,0.002859866539561487,0.17254528122020973,0
sheckji01,2122,7605,1296,2084,56,813.0,465.0,1135,849.0,17,0.2740302432610125,0.3683066361556064,0.007363576594345825,0.1116370808678501,0
sheffga01,2576,9217,1636,2689,509,1676.0,253.0,1475,1171.0,22,0.2917435174134751,0.3894500561167228,0.05522404253010741,0.1270478463708365,0
sierrru01,2186,8044,1084,2152,306,1322.0,142.0,610,1239.0,20,0.2675285927399304,0.3191587705107465,0.03804077573346594,0.15402784684236698,0
sievero01,1887,6387,945,1703,318,1147.0,14.0,841,920.0,17,0.26663535306090497,0.3519645821804095,0.0497886331611085,0.14404258650383592,0
simmoal01,2215,8759,1507,2927,307,1827.0,88.0,615,737.0,20,0.33417056741637174,0.37785363772135694,0.03504966320356205,0.08414202534535906,1
simmocu01,609,1135,93,194,1,76.0,2.0,59,283.0,20,0.17092511013215858,0.211892797319933,0.000881057268722467,0.24933920704845816,0
simmote01,2456,8680,1074,2472,248,1389.0,21.0,855,694.0,21,0.2847926267281106,0.3489250131095962,0.02857142857142857,0.07995391705069124,1
simsdu01,843,2422,263,580,100,310.0,6.0,338,483.0,11,0.23947151114781173,0.33260869565217394,0.04128819157720892,0.1994219653179191,0
singlke01,2082,7189,985,2029,246,1065.0,21.0,1263,1246.0,15,0.282236750591181,0.3894936109796498,0.03421894561135067,0.1733203505355404,0
sislege01,2055,8267,1284,2812,102,1175.0,375.0,472,327.0,15,0.34014757469456874,0.3757867032841286,0.012338212168864158,0.03955485665900568,1
sistisi01,1016,2999,401,732,27,260.0,30.0,283,440.0,13,0.2440813604534845,0.30926264472882387,0.009003001000333445,0.14671557185728576,0
slaugen01,2380,7946,1247,2383,169,1304.0,71.0,1018,538.0,19,0.29989932041278633,0.3794065149486836,0.021268562798892523,0.06770702240120816,1
smallro01,872,2644,277,601,61,305.0,4.0,257,541.0,11,0.2273071104387292,0.2957600827300931,0.023071104387291982,0.2046142208774584,0
smithea02,860,2264,225,686,46,355.0,18.0,247,106.0,12,0.3030035335689046,0.3715651135005974,0.020318021201413426,0.046819787985865724,0
smithlo01,1613,5170,909,1488,98,533.0,370.0,623,849.0,17,0.28781431334622826,0.3644053167616088,0.018955512572533847,0.16421663442940038,0
smithoz01,2573,9396,1257,2460,28,793.0,580.0,1072,589.0,19,0.26181353767560667,0.33740924722965226,0.002979991485738612,0.06268624946785867,1
smithre06,1987,7033,1123,2020,314,1092.0,137.0,890,1030.0,17,0.2872174036684203,0.36728511927300267,0.04464666571875444,0.1464524385041945,0
snidedu01,2143,7161,1259,2116,407,1333.0,99.0,971,1237.0,18,0.29548945677977934,0.3796114117068372,0.05683563748079877,0.1727412372573663,1
snowjt01,1716,5641,798,1509,189,877.0,20.0,760,1142.0,16,0.2675057613898245,0.35447586314638335,0.03350469774862613,0.20244637475624888,0
soriaal01,1975,7750,1152,2095,412,1159.0,289.0,496,1803.0,16,0.2703225806451613,0.31421295173417413,0.05316129032258064,0.2326451612903226,0
sosasa01,2354,8813,1475,2408,609,1667.0,234.0,929,2306.0,18,0.2732327243844321,0.3425374666392938,0.06910246227164417,0.2616589129694769,0
southbi01,1192,4359,661,1296,52,561.0,138.0,402,148.0,13,0.2973158981417756,0.35664776307498425,0.011929341592108282,0.03395274145446203,0
spahnwa01,783,1872,141,363,35,189.0,4.0,94,487.0,21,0.19391025641025642,0.23245167853509666,0.018696581196581196,0.26014957264957267,1
spaldal01,411,1959,417,613,2,338.0,18.0,29,26.0,8,0.3129147524247065,0.32293762575452717,0.0010209290454313426,0.013272077590607452,0
speaktr01,2789,10195,1882,3514,117,1529.0,432.0,1381,393.0,22,0.34467876410004905,0.4228576364892882,0.011476213830308975,0.03854830799411476,1
speiech01,2260,7156,770,1759,112,720.0,42.0,847,988.0,19,0.24580771380659586,0.32562788954142197,0.015651201788708775,0.13806595863610957,0
spencji01,1553,4908,541,1227,146,599.0,11.0,407,582.0,15,0.25,0.3074317968015052,0.029747351263243682,0.11858190709046455,0
stahlja01,981,3425,405,894,31,437.0,178.0,221,652.0,9,0.261021897810219,0.3058145913329676,0.009051094890510949,0.19036496350364965,0
stahlla01,730,1721,167,400,36,163.0,22.0,142,357.0,10,0.23242300987797793,0.2909286097691895,0.020918070889018012,0.2074375363160953,0
stairma01,1895,5204,770,1366,265,899.0,30.0,717,1122.0,19,0.2624903920061491,0.35179868265495695,0.05092236740968486,0.2156033820138355,0
stanked01,1259,4301,811,1154,29,364.0,48.0,996,374.0,11,0.26830969541966987,0.4058901264866906,0.006742617995814926,0.08695652173913043,0
stanlmi01,1516,5022,641,1243,117,500.0,44.0,371,564.0,15,0.2475109518120271,0.2992768403486,0.023297491039426525,0.11230585424133811,0
stargwi01,2360,7927,1194,2232,475,1540.0,17.0,937,1936.0,21,0.2815693200454144,0.35751353790613716,0.05992178629998739,0.2442285858458433,1
staubru01,2951,9720,1189,2716,292,1466.0,47.0,1255,888.0,23,0.27942386831275723,0.36182232346241455,0.030041152263374487,0.09135802469135802,0
stearjo01,810,2681,334,696,46,312.0,91.0,323,294.0,11,0.2596046251398732,0.33921438082556593,0.017157776948899663,0.10966057441253264,0
steartu99,1034,3959,961,1372,195,1038.0,141.0,429,11.0,18,0.3465521596362718,0.41043755697356427,0.04925486233897449,0.0027784794139934328,1
steinha01,1647,5900,759,1578,27,762.0,202.0,471,479.0,14,0.26745762711864407,0.32161356145032177,0.004576271186440678,0.0811864406779661,0
steinte01,1546,5369,638,1453,162,745.0,23.0,418,938.0,14,0.27062767740733845,0.3233108691895628,0.03017321661389458,0.17470664928292046,0
stengca01,1277,4288,575,1219,60,535.0,131.0,437,453.0,14,0.28428171641791045,0.3504761904761905,0.013992537313432836,0.10564365671641791,0
stephri01,1310,4508,714,1515,63,773.0,53.0,494,247.0,14,0.3360692102928128,0.4016393442622951,0.013975155279503106,0.05479148181011535,0
stephve01,1720,6497,1001,1859,247,1174.0,25.0,692,685.0,15,0.28613206095120824,0.354847683961608,0.038017546559950745,0.1054332768970294,0
stewaji01,777,1420,164,336,8,112.0,38.0,139,218.0,10,0.23661971830985915,0.30468248877485565,0.005633802816901409,0.15352112676056337,0
stoveha01,1489,6153,1495,1775,122,912.0,509.0,664,452.0,14,0.2884771656102714,0.3577820155493619,0.01982772631236795,0.07346010076385504,0
strawda01,1583,5418,898,1401,335,1000.0,221.0,816,1352.0,17,0.25858250276854927,0.35563041385948024,0.06183093392395718,0.24953857511997046,0
streega01,504,1501,98,312,2,105.0,17.0,119,144.0,8,0.2078614257161892,0.2660493827160494,0.0013324450366422385,0.09593604263824117,0
suhrgu01,1435,5176,714,1446,84,818.0,53.0,718,433.0,11,0.2793663060278207,0.3671530369867662,0.01622874806800618,0.08365533230293663,0
sukefcl01,486,1237,122,326,2,96.0,12.0,95,57.0,10,0.2635408245755861,0.3160660660660661,0.0016168148746968471,0.046079223928860144,0
sullibi03,1147,3647,363,777,21,378.0,98.0,170,565.0,16,0.21305182341650672,0.24810060256746136,0.005758157389635317,0.15492185357828353,0
summech01,698,1371,199,350,54,218.0,15.0,188,244.0,11,0.2552881108679796,0.3450930083386786,0.03938730853391685,0.17797228300510576,0
sundbji01,1962,6021,621,1493,95,624.0,20.0,699,963.0,16,0.24796545424348115,0.3261904761904762,0.015778109948513537,0.15994020926756353,0
surhobj01,2313,8258,1062,2326,188,1153.0,141.0,640,839.0,19,0.28166626301767983,0.3333333333333333,0.022765802857834826,0.10159844998789053,0
suttlmu99,972,3448,763,1168,188,930.0,92.0,389,24.0,22,0.33874709976798145,0.40578577013291633,0.054524361948955914,0.0069605568445475635,1
suttodo01,785,1354,64,195,0,64.0,1.0,60,365.0,23,0.14401772525849335,0.18033946251768035,0.0,0.2695716395864106,1
suzukic01,2653,9934,1420,3089,117,780.0,509.0,647,1080.0,19,0.31095228508153816,0.35308571968623004,0.011777733038051137,0.10871753573585666,1
sweenbi02,1039,3692,442,1004,11,389.0,172.0,423,215.0,8,0.27193932827735645,0.3467800729040097,0.002979414951245937,0.058234019501625135,0
sweenmi01,1454,5188,759,1540,215,909.0,53.0,522,613.0,16,0.29683885890516576,0.36112084063047284,0.04144178874325366,0.11815728604471858,0
swishni01,1527,5369,805,1338,245,803.0,13.0,817,1373.0,12,0.24920841869994412,0.3483672809569997,0.04563233376792699,0.2557273235239337,0
tanneje01,507,1414,190,361,5,142.0,19.0,105,166.0,15,0.2553041018387553,0.3067807768268598,0.003536067892503536,0.1173974540311174,0
tartada01,1406,5011,756,1366,262,925.0,37.0,768,1362.0,14,0.27260027938535225,0.3692680394531926,0.05228497305926961,0.27180203552185195,0
taylobe99,923,3391,544,1112,33,657.0,102.0,343,7.0,20,0.3279268652314951,0.38966256025709695,0.009731642583308758,0.0020642878207018578,1
tayloto02,2195,7680,1005,2007,75,598.0,234.0,613,1083.0,19,0.261328125,0.31592909682865067,0.009765625,0.141015625,0
tebbebi01,1162,3704,357,1000,38,469.0,29.0,389,261.0,14,0.26997840172786175,0.3393598827266064,0.010259179265658747,0.07046436285097192,0
teixema01,1862,6936,1099,1862,409,1298.0,26.0,918,1441.0,14,0.2684544405997693,0.35395976572447163,0.0589677047289504,0.20775663206459055,0
tejadmi01,2171,8434,1230,2407,307,1302.0,85.0,553,1079.0,16,0.28539245909414274,0.3293646378101702,0.03640028456248518,0.12793455062840883,0
templga01,2079,7721,893,2096,70,728.0,242.0,375,1092.0,16,0.2714674264991581,0.3052124505928854,0.009066183136899365,0.1414324569356301,0
templjo01,1420,5218,720,1484,22,395.0,140.0,648,338.0,13,0.28440015331544655,0.36345039209001023,0.004216174779609045,0.06477577615944806,0
tenacge01,1555,4390,653,1060,201,674.0,36.0,984,998.0,15,0.24145785876993167,0.3803498325269818,0.04578587699316629,0.2273348519362187,0
tennefr02,1994,7595,1278,2231,22,688.0,285.0,874,484.0,17,0.2937458854509546,0.36663124335812963,0.0028966425279789336,0.06372613561553654,0
terrybi01,1721,6428,1120,2193,154,1078.0,56.0,537,449.0,14,0.34116365899191037,0.39195979899497485,0.023957685127566894,0.06985065339141257,1
tettlmi01,1485,4698,711,1132,245,732.0,23.0,949,1307.0,14,0.24095359727543636,0.36851425535682664,0.05214985100042571,0.278203490847169,0
theveto01,1229,4164,380,1030,2,456.0,23.0,210,222.0,15,0.2473583093179635,0.283493369913123,0.0004803073967339097,0.053314121037463975,0
thomacl03,845,3133,590,948,65,583.0,164.0,272,15.0,19,0.3025853814235557,0.35829662261380324,0.02074688796680498,0.0047877433769549956,0
thomafr04,2322,8199,1494,2468,521,1704.0,32.0,1667,1397.0,19,0.30101231857543603,0.41911615649706063,0.06354433467496036,0.1703866325161605,1
thomago01,1435,4677,681,1051,268,782.0,50.0,697,1339.0,13,0.22471669873850758,0.32526981764049123,0.057301689116955316,0.2862946333119521,0
thomair01,484,1352,124,327,3,155.0,20.0,82,141.0,10,0.24186390532544377,0.28521617852161785,0.0022189349112426036,0.10428994082840237,0
thomeji01,2543,8422,1583,2328,612,1699.0,19.0,1747,2548.0,22,0.27641890287342674,0.4007277018389222,0.0726668249821895,0.3025409641415341,1
thompro01,1304,4612,671,1187,119,458.0,103.0,439,987.0,11,0.25737207285342584,0.3219164521876856,0.02580225498699046,0.2140069384215091,0
thompsa01,1410,5998,1261,1988,126,1308.0,232.0,452,234.0,15,0.33144381460486827,0.37829457364341085,0.02100700233411137,0.03901300433477826,1
thomsbo01,1779,6305,903,1705,264,1026.0,38.0,559,804.0,15,0.2704203013481364,0.3298368298368298,0.04187153053132434,0.1275178429817605,0
thornan01,1565,5291,792,1342,253,895.0,48.0,876,851.0,14,0.25363825363825365,0.35965623479811903,0.04781704781704782,0.16083916083916083,0
tiernmi01,1478,5915,1316,1838,106,853.0,428.0,748,376.0,13,0.3107354184277261,0.3881134624043224,0.017920540997464075,0.06356720202874049,0
tinkejo01,1806,6441,774,1690,31,783.0,336.0,416,526.0,15,0.2623816177612172,0.30713139857080357,0.004812917248874398,0.08166433783573979,1
tobinja01,1619,6174,936,1906,64,581.0,147.0,508,267.0,13,0.3087139617751863,0.3612690811134391,0.010366051182377713,0.043245869776482024,0
tolanbo01,1282,4238,572,1121,86,497.0,193.0,258,587.0,13,0.2645115620575743,0.3067170818505338,0.020292590844738084,0.13850873053327042,0
torboje01,574,1391,78,297,8,101.0,3.0,103,189.0,10,0.2135154565061107,0.2677376171352075,0.005751258087706686,0.13587347232207045,0
torgeea01,1668,4969,848,1318,149,740.0,133.0,980,653.0,15,0.265244515999195,0.38628340897629854,0.02998591265848259,0.13141477158381967,0
torrejo01,2209,7874,996,2342,252,1185.0,23.0,779,1094.0,18,0.2974345948691897,0.3606841557841211,0.03200406400812802,0.13893827787655574,0
torricr99,863,3041,623,1035,64,686.0,136.0,426,16.0,16,0.3403485695494903,0.4214017882895875,0.0210457086484709,0.005261427162117725,1
tovarce01,1488,5569,834,1546,46,435.0,226.0,413,410.0,12,0.27760818818459326,0.3274824473420261,0.008260010773927096,0.07362183515891542,0
trammal01,2293,8288,1231,2365,185,1003.0,236.0,850,874.0,20,0.2853523166023166,0.3518275333771066,0.022321428571428572,0.10545366795366795,1
travice01,1328,4914,665,1544,27,657.0,23.0,402,291.0,12,0.3142043142043142,0.3660647103085026,0.005494505494505495,0.059218559218559216,0
traynpi01,1941,7559,1183,2416,58,1273.0,158.0,472,278.0,17,0.3196189972218547,0.3596065247167227,0.007672972615425321,0.036777351501521366,1
trillma01,1780,5950,598,1562,61,571.0,56.0,452,742.0,17,0.26252100840336134,0.31458919087785064,0.010252100840336134,0.12470588235294118,0
troskha01,1347,5161,835,1561,228,1012.0,28.0,545,440.0,11,0.30246076341794226,0.36908517350157727,0.04417748498353032,0.0852547955822515,0
tulowtr01,1291,4804,762,1391,225,780.0,57.0,511,900.0,13,0.2895503746877602,0.35785512699905925,0.04683597002497918,0.18734388009991673,0
turnete01,1659,5921,699,1499,8,528.0,256.0,435,492.0,17,0.25316669481506504,0.3042794210195091,0.0013511231210944098,0.0830940719473062,0
uhlege01,722,1360,172,393,9,187.0,6.0,98,112.0,17,0.2889705882352941,0.33676268861454045,0.006617647058823529,0.08235294117647059,0
unserde01,1799,5215,617,1344,87,481.0,64.0,481,675.0,15,0.25771812080536916,0.3204002808988764,0.016682646212847554,0.12943432406519656,0
utleych01,1937,6857,1103,1885,259,1025.0,154.0,724,1193.0,16,0.274901560449176,0.34414984830497297,0.037771620242088376,0.17398279130815225,0
valenel01,894,3166,380,881,123,474.0,59.0,180,462.0,10,0.2782691092861655,0.317095038852361,0.03885028427037271,0.14592545799115603,0
valoel01,1806,5029,768,1420,58,601.0,110.0,942,284.0,20,0.28236229866772716,0.39557863004521854,0.011533107973752238,0.056472459733545435,0
vanhage01,1990,8043,1642,2544,69,1015.0,583.0,871,498.0,17,0.3162998881014547,0.38310522773165806,0.008578888474449832,0.061917195076464,0
vanslan01,1658,5711,835,1562,164,792.0,245.0,667,1063.0,13,0.27350726667834,0.3494825964252117,0.028716511994396777,0.18613202591490108,0
varitja01,1546,5099,664,1307,193,757.0,25.0,614,1216.0,15,0.25632476956265937,0.3362506563976895,0.03785055893312414,0.23847813296724849,0
vaughar01,1817,6622,1173,2103,96,926.0,118.0,937,276.0,14,0.31757777106614316,0.4021695991533272,0.014497130776200544,0.041679250981576564,1
vaughgr01,1731,6103,1017,1475,355,1072.0,121.0,865,1513.0,15,0.24168441749959035,0.3358208955223881,0.05816811404227429,0.2479108635097493,0
vaughmo01,1512,5532,861,1620,328,1064.0,30.0,725,1429.0,12,0.2928416485900217,0.37478024612434074,0.05929139551699204,0.25831525668835864,0
veachbo01,1821,6656,953,2063,64,1166.0,195.0,571,370.0,14,0.30994591346153844,0.36446658364466583,0.009615384615384616,0.055588942307692304,0
venturo01,2079,7064,1006,1885,294,1182.0,24.0,1075,1179.0,16,0.26684597961494905,0.3636810418970389,0.04161947904869762,0.1669026047565119,0
vernomi01,2409,8731,1196,2495,172,1311.0,137.0,955,869.0,20,0.2857633718932539,0.3561841833574231,0.019699919825907686,0.0995304088878708,0
victosh01,1299,4630,731,1274,108,489.0,231.0,381,626.0,12,0.2751619870410367,0.33027339852324883,0.023326133909287255,0.13520518358531317,0
virdobi01,1583,5980,735,1596,91,502.0,47.0,442,647.0,12,0.26688963210702343,0.31734662099034566,0.015217391304347827,0.10819397993311036,0
vizquom01,2968,10586,1445,2877,80,951.0,404.0,1028,1087.0,24,0.2717740411864727,0.33623213363182364,0.007557150954090308,0.10268278858870206,0
wadderu01,410,1066,61,172,4,83.0,6.0,42,300.0,13,0.16135084427767354,0.1931407942238267,0.00375234521575985,0.28142589118198874,1
wagneho01,2794,10439,1739,3420,101,1733.0,723.0,963,735.0,21,0.3276175878915605,0.3844062445185055,0.009675256250598716,0.07040904301178273,1
walkedi02,1905,6740,1037,2064,105,1023.0,59.0,817,325.0,18,0.3062314540059347,0.38123594018790524,0.015578635014836795,0.04821958456973294,0
walkeha01,807,2651,385,786,10,214.0,42.0,245,175.0,11,0.2964918898528857,0.3560082872928177,0.003772161448509996,0.06601282534892493,0
walkela01,1988,6907,1355,2160,383,1311.0,230.0,913,1231.0,17,0.3127262197770378,0.39296675191815855,0.05545099174750254,0.1782249891414507,1
walketo04,1288,4554,647,1316,107,545.0,66.0,421,571.0,12,0.2889767237593325,0.3491457286432161,0.023495827843653932,0.1253842775581906,0
wallabo01,2383,8618,1057,2309,34,1121.0,201.0,774,560.0,25,0.2679275934091436,0.3282580919931857,0.003945230912044558,0.06498027384543978,1
wallati01,2212,8099,908,2085,260,1125.0,51.0,649,1307.0,17,0.25743919002345966,0.31252857796067673,0.03210272873194221,0.16137794789480184,0
walshed01,459,1088,93,210,3,68.0,14.0,46,282.0,14,0.19301470588235295,0.2257495590828924,0.0027573529411764708,0.25919117647058826,1
waltebu01,715,1966,227,477,23,234.0,12.0,114,303.0,19,0.24262461851475076,0.2841346153846154,0.011698880976602238,0.1541200406917599,0
wambsbi01,1491,5237,710,1359,7,520.0,140.0,490,357.0,13,0.25949971357647506,0.32285664396717306,0.001336643116287951,0.0681687989306855,0
wanerll01,1993,7772,1201,2459,27,598.0,67.0,420,173.0,18,0.31639217704580547,0.3514404296875,0.003474009264024704,0.022259392691713845,1
wanerpa01,2549,9459,1627,3152,113,1309.0,104.0,1091,376.0,20,0.33322761391267575,0.40218009478672984,0.011946294534305952,0.039750502167248125,1
wardjo01,1827,7656,1410,2107,26,869.0,540.0,421,326.0,17,0.275208986415883,0.31298749535718706,0.0033960292580982234,0.04258098223615465,1
washicl01,1912,6787,926,1884,164,824.0,312.0,468,1266.0,17,0.277589509356122,0.32419021364576156,0.02416384264034183,0.18653307794312657,0
wathajo01,860,2505,305,656,21,261.0,105.0,199,265.0,10,0.26187624750499,0.316198224852071,0.008383233532934131,0.10578842315369262,0
watsobo01,1832,6185,802,1826,184,989.0,27.0,653,796.0,19,0.2952303961196443,0.3625329043579994,0.029749393694421988,0.12869846402586904,0
weisswa01,1495,4686,623,1207,25,386.0,96.0,658,658.0,14,0.25757575757575757,0.34898952095808383,0.005335040546308152,0.14041826717883055,0
welchmi01,607,2201,268,492,12,202.0,10.0,82,329.0,13,0.22353475692866878,0.2514235654840123,0.005452067242162653,0.1494775102226261,1
wellsve01,1731,6642,930,1794,270,958.0,109.0,472,956.0,15,0.27009936766034326,0.31852684846780993,0.04065040650406504,0.1439325504366155,0
wellswi99,1068,4030,956,1319,145,875.0,176.0,497,10.0,21,0.3272952853598015,0.4011486635741109,0.03598014888337469,0.0024813895781637717,1
werbebi01,1295,5024,875,1363,78,539.0,215.0,701,363.0,11,0.27129777070063693,0.3605240174672489,0.01552547770700637,0.0722531847133758,0
werthja01,1583,5484,883,1465,229,799.0,132.0,764,1450.0,15,0.2671407731582786,0.35675416133162613,0.04175784099197666,0.26440554339897887,0
wertzvi01,1862,6099,867,1692,266,1178.0,9.0,828,842.0,17,0.27742252828332514,0.3637938501515808,0.04361370716510903,0.13805541892113463,0
westrwe01,919,2322,302,503,96,315.0,10.0,489,514.0,11,0.21662360034453057,0.3528993240839559,0.041343669250646,0.22136089577950044,0
westsa01,1753,6148,934,1838,75,838.0,53.0,696,540.0,16,0.2989590110605075,0.3702513150204559,0.012199089134677944,0.08783344176968119,0
weyhigu01,554,1855,164,308,3,133.0,32.0,101,477.0,14,0.1660377358490566,0.2091002044989775,0.0016172506738544475,0.2571428571428571,0
wheatza01,2410,9106,1289,2884,132,1248.0,205.0,650,572.0,19,0.31671425433779926,0.36223862238622384,0.014495936745003294,0.06281572589501427,1
whitalo01,2390,8570,1386,2369,244,1084.0,143.0,1197,1099.0,19,0.2764294049008168,0.36510699293539467,0.028471411901983663,0.12823803967327888,0
whitebu01,924,3316,415,883,17,245.0,51.0,150,138.0,9,0.2662846803377563,0.2980380842469706,0.005126658624849216,0.04161640530759952,0
whitede01,1560,6624,1140,2067,24,988.0,70.0,308,221.0,20,0.3120471014492754,0.34261396422388923,0.0036231884057971015,0.03336352657004831,1
whitede03,1941,7344,1125,1934,208,846.0,346.0,541,1526.0,17,0.2633442265795207,0.3138871274571972,0.02832244008714597,0.20778867102396514,0
whiteea01,548,1291,107,264,4,98.0,3.0,97,216.0,17,0.20449264136328427,0.2600864553314121,0.003098373353989156,0.16731216111541442,0
whitefr01,2324,7859,912,2006,160,886.0,178.0,412,1035.0,18,0.25524875938414554,0.2923467537178092,0.020358824277897952,0.13169614454765238,0
whitero01,1881,6650,964,1803,160,758.0,233.0,934,708.0,15,0.27112781954887216,0.36089135021097046,0.02406015037593985,0.10646616541353383,0
whitero02,1474,5357,756,1519,198,768.0,94.0,360,925.0,15,0.28355422811274966,0.32866888228091656,0.03696098562628337,0.17267127123389958,0
whitewi01,403,1478,167,271,1,111.0,0.0,56,128.0,10,0.18335588633288227,0.21316818774445892,0.0006765899864682003,0.08660351826792964,0
whitnji01,550,2144,316,559,18,280.0,20.0,161,211.0,10,0.26072761194029853,0.3123644251626898,0.008395522388059701,0.09841417910447761,0
willibe02,2076,7869,1366,2336,287,1257.0,147.0,1069,1212.0,16,0.2968611005210319,0.3809577086596554,0.036472232812301435,0.1540221120853984,0
willibi01,2488,9350,1410,2711,426,1475.0,90.0,1045,1046.0,18,0.2899465240641711,0.36132756132756133,0.04556149732620321,0.1118716577540107,1
willicy01,2002,6780,1024,1981,251,1005.0,115.0,690,721.0,19,0.29218289085545723,0.3575635876840696,0.037020648967551625,0.10634218289085545,0
willike01,1397,4862,860,1552,196,913.0,154.0,566,287.0,14,0.3192102015631427,0.39019896831245393,0.04031262854792267,0.05902920608802962,0
willima04,1866,7000,997,1878,378,1218.0,53.0,469,1363.0,17,0.2682857142857143,0.31423215959298434,0.054,0.1947142857142857,0
willine01,1201,4553,809,1159,64,667.0,88.0,506,532.0,13,0.2545574346584669,0.3291164261711801,0.01405666593454865,0.11684603558093565,0
willite01,2292,7706,1798,2654,521,1839.0,24.0,2021,709.0,19,0.3444069556189982,0.4806209519893081,0.06760965481443032,0.09200622891253568,1
willivi01,531,1493,107,248,1,84.0,3.0,81,199.0,13,0.16610850636302746,0.20902160101651843,0.0006697923643670462,0.1332886805090422,1
willsma01,1942,7588,1067,2134,20,458.0,586.0,552,684.0,14,0.2812335266209805,0.32997542997543,0.002635740643120717,0.09014232999472852,0
wilsoha01,1348,4760,884,1461,244,1063.0,52.0,674,713.0,12,0.3069327731092437,0.3928965771071034,0.05126050420168067,0.14978991596638655,1
wilsoji01,1525,4778,580,1358,32,621.0,86.0,356,280.0,18,0.2842193386354123,0.33385274639657186,0.006697362913352867,0.05860192549183759,0
wilsoju99,1093,3782,798,1351,100,870.0,121.0,472,14.0,24,0.35721840296139606,0.42853784673248707,0.026441036488630356,0.0037017451084082496,1
wilsowi02,2154,7731,1169,2207,41,585.0,668.0,425,1144.0,19,0.2854740654507826,0.3227072094163806,0.005303324278877248,0.14797568231794075,0
winfida01,2973,11003,1669,3110,465,1833.0,223.0,1216,1686.0,22,0.2826501863128238,0.3540387920451755,0.04226120149050259,0.15323093701717713,1
winnra01,1717,6186,863,1759,110,662.0,215.0,526,1010.0,13,0.28435176204332363,0.340435041716329,0.017782088587132233,0.16327190430003233,0
wittwh01,1139,4171,632,1195,18,302.0,78.0,489,309.0,10,0.2865020378806042,0.36137339055793993,0.004315511867657636,0.07408295372812275,0
womacto01,1303,4963,739,1353,36,368.0,363.0,308,649.0,13,0.27261736852710056,0.31512047049895653,0.007253677211364095,0.1307676808382027,0
woodjo02,696,1952,266,553,23,325.0,23.0,208,265.0,14,0.2832991803278688,0.3523148148148148,0.0117827868852459,0.13575819672131148,0
wrighda03,1585,5998,949,1777,242,970.0,196.0,762,1292.0,14,0.2962654218072691,0.37559171597633134,0.04034678226075358,0.21540513504501502,0
wrighge01,591,2873,665,866,11,326.0,47.0,68,119.0,12,0.30142707970762267,0.3175790547432846,0.0038287504350852765,0.04142011834319527,0
wrighgl01,1119,4153,584,1219,94,723.0,38.0,209,407.0,11,0.29352275463520344,0.32737276478679506,0.022634240308210932,0.09800144473874307,0
wynnea01,796,1704,136,365,17,173.0,1.0,141,330.0,23,0.2142018779342723,0.2742547425474255,0.009976525821596244,0.1936619718309859,1
wynnji01,1920,6653,1105,1665,291,964.0,225.0,1224,1427.0,15,0.25026303923042237,0.36676399644534724,0.043739666315947695,0.2144897038929806,0
yastrca01,3308,11988,1816,3419,452,1844.0,168.0,1845,1393.0,23,0.28520186853520185,0.380539290103376,0.03770437103770437,0.11619953286619954,1
yeagest01,1269,3584,357,816,102,410.0,14.0,342,726.0,15,0.22767857142857142,0.29495669893020887,0.028459821428571428,0.20256696428571427,0
yerkest02,711,2521,307,676,6,254.0,54.0,207,197.0,7,0.26814756049186833,0.32368035190615835,0.002380007933359778,0.07814359381197937,0
yorkru01,1603,5891,876,1621,277,1152.0,38.0,792,867.0,13,0.27516550670514345,0.36106538979500225,0.04702087930741809,0.1471736547275505,0
youklke01,1061,3749,653,1053,150,618.0,26.0,539,828.0,10,0.2808748999733262,0.3712686567164179,0.04001066951186983,0.22085889570552147,0
youngcy01,918,2960,325,623,18,290.0,29.0,81,381.0,22,0.21047297297297296,0.23150279513317987,0.006081081081081081,0.1287162162162162,1
younger01,1730,6119,996,1731,79,543.0,465.0,660,462.0,15,0.2828893610067004,0.35270688892166985,0.012910606308220298,0.07550253309364276,0
youngmi02,1970,7918,1137,2375,185,1030.0,90.0,575,1235.0,14,0.29994948219247286,0.3473448722477334,0.02336448598130841,0.1559737307400859,0
youngpe01,730,2466,274,645,32,347.0,18.0,152,312.0,10,0.2615571776155718,0.30443086325439267,0.012976480129764802,0.12652068126520682,0
youngro01,1211,4627,812,1491,42,592.0,153.0,550,390.0,10,0.32223903177004537,0.3942437705234692,0.009077155824508321,0.08428787551329155,1
yountro01,2856,11008,1632,3142,251,1406.0,271.0,966,1350.0,20,0.28542877906976744,0.3430766661099048,0.0228015988372093,0.12263808139534883,1
zachato01,546,1122,79,254,6,112.0,0.0,62,261.0,19,0.22638146167557932,0.2668918918918919,0.0053475935828877,0.232620320855615,0
zeileto01,2158,7573,986,2004,253,1110.0,53.0,945,1279.0,16,0.2646243232536643,0.3462080300540033,0.03340816057044764,0.16888947576917998,0
zimmech01,1280,4546,617,1225,26,625.0,151.0,390,511.0,19,0.2694676638803344,0.3271880064829822,0.005719313682358117,0.11240651121865376,0
ziskri01,1453,5144,681,1477,207,792.0,8.0,533,910.0,13,0.2871306376360809,0.35406024308613704,0.04024105754276827,0.17690513219284604,0
zobribe01,1651,5880,884,1566,167,768.0,116.0,832,994.0,14,0.26632653061224487,0.35727056019070325,0.02840136054421769,0.16904761904761906,0
